run,detect_ms,liveness_prep_ms,liveness_infer_ms,recog_prep_ms,recog_infer_ms,total_ms,rss_mb
0,126.1209,4.6398,32.9612,0.7016,66.6861,231.1096,301.6328
1,36.4065,4.3599,8.3605,2.0106,64.3259,115.4634,301.6328
2,41.0353,3.73,10.5888,1.5981,57.7327,114.6849,301.6328
3,78.9046,4.3398,49.6201,0.6439,64.2688,197.7772,301.6328
4,41.9842,4.4987,6.9133,0.5953,90.4479,144.4394,301.6328
5,29.2267,25.609,26.789,0.664,98.538,180.8267,301.6367
6,38.5799,4.1442,6.5534,0.5673,47.3264,97.1712,301.6367
7,99.1492,4.7503,47.1934,0.6234,109.298,261.0143,301.6367
8,111.5552,4.4563,7.1551,0.5803,96.5232,220.2701,301.6367
9,56.0718,3.8914,53.5083,0.6625,140.1635,254.2975,301.6484
10,26.7704,37.3722,14.5999,0.6195,65.391,144.753,302.625
11,39.2702,4.2841,40.1398,0.7052,80.4632,164.8625,302.625
12,50.4219,3.2666,10.5796,0.5504,101.4179,166.2364,302.6406
13,83.6841,4.3748,6.5388,0.6217,66.7242,161.9436,302.6406
14,49.0525,3.8173,9.9762,0.5455,39.8288,103.2203,302.6406
15,55.7628,4.117,10.0674,0.5401,76.3919,146.8792,302.6445
16,26.7131,30.5096,7.7302,0.6221,58.4816,124.0566,302.6445
17,45.662,4.2987,100.9096,0.7223,50.7493,202.3419,302.6445
18,44.8547,4.6654,46.452,0.6283,112.1678,208.7682,302.6445
19,49.2361,4.3186,50.4258,0.7877,104.6232,209.3914,302.6445
20,59.4444,4.4027,40.0787,0.8352,57.6459,162.4069,302.6445
21,55.83,4.8399,7.1798,0.5826,48.7912,117.2235,302.6445
22,101.8078,4.4882,39.7709,0.7171,59.6528,206.4368,302.6445
23,39.7081,4.1732,10.1939,0.5528,153.5461,208.1741,302.6484
24,56.7844,4.4304,7.5651,0.5886,59.6753,129.0438,302.6484
25,36.7392,4.5963,7.9798,0.5624,91.8788,141.7565,302.6484
26,49.457,4.3066,9.3103,0.5722,59.8111,123.4572,302.6484
27,34.8185,23.077,7.5252,0.6207,58.2007,124.2421,302.6484
28,44.4077,4.4879,7.7502,0.6543,53.6361,110.9362,302.6484
29,93.8795,4.8107,7.1159,0.5875,122.5592,228.9528,302.6484
30,55.2744,17.5811,7.6698,0.6648,119.2338,200.4239,302.6484
31,64.6654,54.4161,14.0734,0.6193,100.4093,234.1835,302.6484
32,15.4781,4.4529,42.767,0.7192,64.8351,128.2523,302.6523
33,39.6654,4.2974,10.1632,0.5834,64.2745,118.9839,302.6562
34,29.387,4.6749,43.2179,0.6861,80.5617,158.5276,302.6602
35,99.0217,4.1694,8.4853,0.538,154.7929,267.0073,302.6602
36,50.8808,3.6512,7.3353,0.7457,98.505,161.118,302.6602
37,20.6535,42.9191,66.4232,1.2047,75.1112,206.3117,302.6602
38,63.2761,3.4848,32.2052,0.6656,77.1526,176.7843,302.6602
39,46.8078,4.2369,35.7837,0.6659,153.618,241.1123,302.6602
40,104.9932,4.4613,10.1484,0.6266,60.6416,180.8711,302.6602
41,44.2555,4.3887,10.7251,0.6276,101.0196,161.0165,302.6602
42,13.6903,4.2804,21.7699,0.6719,80.7959,121.2084,302.6602
43,46.8371,4.0165,41.5601,0.6354,157.9821,251.0312,302.6602
44,13.903,4.2418,7.0167,26.154,64.619,115.9345,302.6602
45,14.4104,4.0904,10.2515,10.9437,72.1263,111.8223,302.6602
46,15.6693,35.4513,50.6706,0.6407,67.909,170.3409,302.6641
47,89.1978,4.8299,6.5663,0.5454,111.9522,213.0916,302.6641
48,13.1304,3.4279,22.618,0.6374,157.5291,197.3428,302.6641
49,12.4401,3.8586,32.7346,0.7357,118.6874,168.4564,302.6641
50,51.7722,4.3421,9.9216,0.5832,50.8179,117.437,302.6641
51,42.7229,4.2579,9.9912,0.5323,74.8701,132.3744,302.668
52,19.6497,3.6171,38.3466,0.6873,107.9301,170.2308,302.6719
53,13.6292,3.714,9.8648,21.0185,224.6717,272.8982,302.6719
54,12.813,4.4009,6.9691,0.5993,82.6122,107.3945,302.6719
55,64.1415,4.4416,10.2133,0.5362,174.187,253.5196,302.6719
56,27.0448,39.066,7.3836,0.6138,114.1322,188.2404,302.6719
57,13.3576,3.8034,35.8422,2.4559,174.0109,229.47,302.6719
58,102.427,4.7708,87.7784,24.0535,62.2184,281.2481,302.6719
59,48.2617,4.4775,6.7606,0.5681,86.3162,146.3841,302.6719
60,66.498,4.5895,7.1708,0.6261,63.5708,142.4552,302.6719
61,86.4149,5.2357,53.0932,0.7057,118.3011,263.7506,302.6719
62,58.6787,4.4844,10.1199,0.5857,59.339,133.2077,302.6758
63,42.0191,3.0801,38.4525,0.6373,124.7153,208.9043,302.6758
64,54.0485,3.6891,78.9844,0.7519,78.0082,215.4821,302.6758
65,48.5797,4.2906,8.3146,0.5606,54.6086,116.3541,302.6758
66,52.913,32.3474,7.2436,0.5988,100.1781,193.2809,302.6758
67,33.5349,45.3777,12.251,0.6127,74.5985,166.3748,302.6758
68,31.6772,4.3765,6.602,0.6251,59.3195,102.6003,302.6758
69,44.2542,4.0044,6.8863,0.5908,71.0128,126.7485,302.6797
70,89.1885,4.3893,10.051,0.5646,222.3579,326.5513,302.6836
71,56.8302,4.3085,9.3249,0.5878,60.9414,131.9928,302.6875
72,49.6473,3.5351,6.4594,0.5395,99.1759,159.3572,302.6875
73,14.2222,3.7815,6.4649,0.641,62.6794,87.789,302.6875
74,96.0852,3.8021,60.5818,0.6548,127.1435,288.2674,302.6875
75,15.6391,4.3378,40.9274,0.7504,282.6709,344.3256,302.6875
76,17.6244,4.5663,98.0772,0.7991,67.6647,188.7317,302.6875
77,12.2813,4.2277,43.6299,0.7192,119.2637,180.1218,302.6875
78,12.9199,4.2938,58.1058,0.7105,107.6732,183.7032,302.6875
79,65.9592,4.2221,6.7578,0.5662,112.8211,190.3264,302.6875
80,73.6581,5.0207,111.2455,0.8278,178.8456,369.5977,302.6875
81,24.1067,4.251,34.6209,0.6792,109.5247,173.1825,302.6875
82,21.0804,6.3371,9.5765,32.0833,84.84,153.9173,302.6875
83,45.6577,4.0417,8.2238,0.6028,122.2041,180.7301,302.6875
84,120.5023,4.4586,8.9527,0.6934,103.8746,238.4816,302.6875
85,125.7012,4.8599,17.5973,0.6076,81.0464,229.8124,302.6875
86,71.1258,4.3354,10.7805,0.6411,84.7134,171.5962,302.6875
87,46.2216,4.6339,6.6876,0.5841,112.7243,170.8515,302.6875
88,54.034,5.1857,7.8452,0.6014,65.0655,132.7318,302.6914
89,67.2583,28.6382,8.3167,0.6099,72.7731,177.5962,302.6914
90,46.7603,4.3931,7.1206,0.5599,63.7452,122.5791,302.6992
91,123.1967,4.3113,48.1722,0.769,116.0916,292.5408,302.6992
92,61.5842,4.5321,6.8334,0.5743,70.4721,143.9961,302.6992
93,64.3251,3.8768,41.4208,0.6887,76.7111,187.0225,302.6992
94,38.2039,4.5779,11.8196,0.5993,59.8362,115.0369,302.6992
95,41.1838,4.5029,11.661,0.6586,58.5669,116.5732,302.7031
96,42.2981,3.9124,59.6747,0.7109,68.6347,175.2308,302.7031
97,65.4918,4.3922,10.0786,0.6308,170.4102,251.0036,302.7031
98,113.36,4.5416,53.5894,0.6892,77.4786,249.6588,302.7031
99,187.2981,4.3576,10.0531,0.5882,109.4345,311.7315,302.7031
100,12.943,4.248,42.5463,0.7659,124.5199,185.0231,302.7188
101,15.7557,4.4715,31.4959,0.6459,63.5459,115.9149,302.7422
102,20.4296,59.9994,10.1824,0.6388,74.7868,166.037,302.7422
103,13.4779,3.9654,36.7583,0.6383,71.5706,126.4105,302.7422
104,112.9175,4.0415,10.355,0.5804,51.4159,179.3103,302.7422
105,49.7918,4.423,49.8342,0.6427,72.1492,176.8409,302.7422
106,52.7433,4.3278,10.0853,0.5858,71.3788,139.121,302.7461
107,44.5184,4.46,9.7824,0.5664,93.1597,152.4869,302.7461
108,55.9227,4.6254,10.3,0.6234,120.5179,191.9894,302.7461
109,48.8911,4.4134,10.2422,0.5983,178.6134,242.7584,302.7461
110,74.1083,3.47,43.9109,0.6101,65.5532,187.6525,302.75
111,114.5072,4.2931,49.1093,0.7375,67.319,235.9661,302.75
112,51.2741,4.7269,14.7816,0.5728,55.2089,126.5643,302.75
113,164.5927,3.5978,7.1427,0.5762,104.4614,280.3708,302.75
114,148.7526,69.1085,8.8709,0.6901,116.4886,343.9107,302.75
115,56.2444,4.8918,44.4575,0.6957,81.8714,188.1608,302.75
116,63.6228,4.3618,33.37,0.7239,140.9017,242.9802,302.75
117,21.9396,4.2049,53.2165,0.7104,77.5612,157.6326,302.75
118,48.8428,4.649,10.161,0.5797,66.7005,130.933,302.75
119,41.6708,4.4195,10.1621,0.5909,68.4231,125.2664,302.7539
120,97.6355,4.3537,6.5304,0.6035,67.0303,176.1534,302.7539
121,171.1292,3.8829,10.2298,0.5772,94.3744,280.1935,302.7578
122,15.1695,4.3643,40.7323,0.6841,64.2883,125.2385,302.7578
123,12.4199,4.0105,7.5223,0.5796,97.2186,121.7509,302.7578
124,61.7329,4.7854,56.7949,0.8494,74.1155,198.2781,302.7578
125,37.0407,3.8892,10.4069,0.6049,104.8355,156.7772,302.7617
126,16.7243,4.2141,28.5504,0.6442,121.19,171.323,302.7617
127,54.089,5.0101,10.2384,0.5676,66.3973,136.3024,302.7617
128,33.6726,4.4302,10.5966,0.6202,61.5458,110.8654,302.7617
129,44.6844,4.0515,11.1967,0.6712,61.711,122.3148,302.7656
130,116.8286,4.1914,8.9898,0.5573,105.2933,235.8604,302.7656
131,50.4705,4.56,10.1962,0.582,103.0142,168.8229,302.7656
132,57.6912,4.7272,10.1519,0.5453,64.0399,137.1555,302.7656
133,62.7934,37.2039,11.1469,0.6057,56.5577,168.3076,302.7656
134,46.4567,4.4789,10.0949,0.5464,124.8273,186.4042,302.7656
135,176.0157,4.1878,42.8387,0.621,100.7991,324.4623,302.7656
136,58.4485,5.039,10.9425,0.6741,144.3675,219.4716,302.7656
137,54.4048,4.3364,20.0127,0.7613,55.1605,134.6757,302.7656
138,85.2917,3.5253,10.1649,0.5559,57.1543,156.6921,302.7656
139,83.99,5.2107,10.7737,0.5667,57.5281,158.0692,302.7656
140,92.6859,4.8007,10.3787,0.8045,110.309,218.9788,302.7656
141,39.6863,4.5705,10.0293,0.5907,62.7639,117.6407,302.7656
142,41.6604,4.3934,54.3947,0.719,87.246,188.4135,302.7656
143,57.3206,3.1402,32.4584,0.6149,160.7114,254.2455,302.7695
144,86.5284,4.6746,11.3384,0.7403,172.3221,275.6038,302.7695
145,56.0262,4.8327,9.2611,0.5664,124.0511,194.7375,302.7695
146,143.2069,4.8114,9.4496,0.5804,57.6667,215.715,302.7734
147,45.4421,4.7204,12.6708,0.6052,116.9436,180.3821,302.7773
148,55.6183,4.4402,12.0341,0.7345,147.9193,220.7464,302.7773
149,100.4246,3.3743,117.0906,0.7762,60.3784,282.0441,302.7812
150,67.4589,4.325,49.8356,0.6558,64.4943,186.7696,302.7812
151,14.4175,4.3335,36.0927,0.6226,118.9771,174.4434,302.7812
152,13.8764,4.3442,41.0934,0.6507,122.653,182.6177,302.7812
153,12.6275,3.8412,37.1041,0.7913,72.0325,126.3966,302.7812
154,165.1718,4.1611,7.3298,0.5681,112.5055,289.7363,302.7812
155,122.0358,3.9391,10.4173,0.5775,94.6859,231.6556,302.7812
156,14.6707,4.3845,42.6161,0.7019,62.9543,125.3275,302.7812
157,13.8895,4.2751,43.0822,0.7533,73.5064,135.5065,302.7812
158,125.0962,3.4608,7.1118,0.5539,100.0848,236.3075,302.7812
159,61.3781,4.2317,9.0942,0.5663,99.4567,174.727,302.7812
160,30.4733,58.0183,63.3803,0.6444,63.8891,216.4054,302.7812
161,57.2816,4.4678,52.411,0.654,70.9808,185.7952,302.7852
162,63.3711,4.413,43.597,0.7118,71.4583,183.5512,302.7852
163,13.0844,35.8628,8.4118,0.5923,54.6302,112.5815,302.7852
164,56.3291,4.2313,7.6836,0.6277,61.8271,130.6988,302.7852
165,44.5369,3.9179,11.4629,0.6178,58.8217,119.3572,302.7852
166,45.4259,4.3817,9.961,0.5793,59.9201,120.268,302.7852
167,29.1528,5.1821,82.5704,0.6661,91.1239,208.6953,302.7852
168,16.5307,11.8229,44.3078,0.8057,141.3211,214.7882,302.7891
169,116.0266,3.6445,7.2013,0.6233,112.3591,239.8548,302.7891
170,110.9051,5.2628,7.3026,0.6621,70.4379,194.5705,302.7891
171,50.0396,5.2438,39.3929,0.7598,70.4628,165.8989,302.7891
172,12.4008,3.8705,41.7757,0.6594,64.1613,122.8677,302.7891
173,64.1646,5.2677,7.6652,0.7003,57.8456,135.6434,302.793
174,55.3557,3.8524,7.4151,0.5593,72.4598,139.6423,302.793
175,44.0103,4.5475,7.3429,0.5498,65.5971,122.0476,302.793
176,60.7158,4.1783,8.6924,0.6253,104.854,179.0658,302.7969
177,30.0779,3.7882,61.2153,0.7018,99.2761,195.0593,302.7969
178,34.6673,4.4672,37.1512,0.6941,73.3557,150.3355,302.7969
179,109.1457,4.0698,10.2681,0.6005,59.8278,183.9119,302.8008
180,67.324,4.1887,8.7829,0.6556,99.1309,180.0821,302.8008
181,22.1605,4.2274,29.2922,0.7058,125.8382,182.2241,302.8008
182,20.0045,57.5258,10.5992,0.6101,65.4197,154.1593,302.8008
183,96.3745,4.5681,10.2111,0.5713,69.6849,181.4099,302.8008
184,46.3624,3.6378,10.4268,0.6144,60.9078,121.9492,302.8008
185,41.4486,4.3399,10.1755,0.5692,100.9917,157.5249,302.8008
186,39.4262,4.6608,10.0425,0.5731,97.6405,152.3431,302.8008
187,33.7276,4.5909,6.4989,0.5862,101.7998,147.2034,302.8008
188,12.067,4.3253,42.0069,0.6561,98.8874,157.9427,302.8047
189,13.5507,3.9314,10.054,0.5978,55.7991,83.933,302.8047
190,45.1202,4.3781,10.1028,0.562,124.7876,184.9507,302.8047
191,84.5592,4.9796,8.0382,0.5405,76.7997,174.9172,302.8047
192,103.1379,4.1777,10.064,0.5596,60.7622,178.7014,302.8047
193,44.0581,3.8539,10.1346,0.6448,51.221,109.9124,302.8047
194,36.3272,4.3681,37.2126,0.7371,72.8265,151.4715,302.8047
195,59.5984,5.3611,10.8145,0.57,52.3859,128.7299,302.8047
196,34.5317,4.3765,54.6022,0.7012,134.468,228.6796,302.8047
197,59.2364,4.4513,10.1719,0.6062,120.9075,195.3733,302.8086
198,45.9812,4.4574,10.1268,0.542,59.8817,120.9891,302.8086
199,42.7673,4.3098,10.0536,0.5692,58.3224,116.0223,302.8086
200,43.7329,4.3954,10.1804,0.5961,115.2159,174.1207,302.8086
201,48.4432,4.5722,8.5763,0.5972,103.8079,165.9968,302.8086
202,20.2546,3.8086,36.2257,0.637,174.0255,234.9514,302.8125
203,103.4204,4.0216,50.8073,0.6798,75.0028,233.9319,302.8125
204,40.4224,5.225,7.6363,0.6648,71.3155,125.264,302.8164
205,35.5923,5.1587,6.7308,0.5923,103.4122,151.4863,302.8164
206,94.3332,59.1503,12.2415,0.6826,369.0856,535.4932,302.8164
207,29.9073,37.6792,11.044,0.566,66.5997,145.7962,302.8203
208,58.6284,4.335,7.2961,0.6416,46.1285,117.0296,302.8203
209,55.9047,22.62,10.9845,0.5846,71.9243,162.0181,302.8203
210,33.6774,4.4113,6.5748,0.5543,115.8377,161.0555,302.8203
211,61.1837,4.2215,36.0463,0.7127,79.5361,181.7003,302.8203
212,46.2027,4.5037,37.3166,0.7466,82.4037,171.1733,302.8203
213,135.4108,53.4659,7.406,0.608,73.3496,270.2403,302.8203
214,62.4618,31.9986,7.6262,0.5796,78.9806,181.6468,302.8203
215,43.5511,5.1595,7.3655,0.5443,155.3749,211.9953,302.8203
216,29.1929,65.0474,13.1397,0.6349,69.9824,177.9973,302.8242
217,95.7093,4.0139,10.3261,0.6612,70.6445,181.355,302.8242
218,41.5842,4.6023,11.01,0.5824,56.3085,114.0874,302.8242
219,46.6696,3.6857,7.6153,0.5762,98.4867,157.0335,302.8242
220,13.1516,4.4148,40.1533,0.7442,76.2991,134.763,302.8242
221,39.1482,4.0198,41.426,0.7505,73.3308,158.6753,302.8242
222,12.2928,3.8783,39.3897,0.6651,68.5774,124.8033,302.8242
223,15.5229,48.584,7.1487,0.6631,179.9396,251.8583,302.8242
224,63.6465,4.219,60.6786,0.6913,59.7043,188.9397,302.8242
225,47.1382,3.8526,7.2389,0.6042,63.4312,122.2651,302.8242
226,49.2724,4.405,7.7082,0.6162,68.2283,130.2301,302.8242
227,157.5174,4.5042,51.9982,0.7199,71.0716,285.8113,302.8281
228,112.5796,4.4243,9.4296,0.6154,111.0794,238.1283,302.8281
229,111.2004,4.19,10.0565,0.7363,66.0685,192.2517,302.832
230,181.0798,4.3339,38.4665,0.7223,122.904,347.5065,302.832
231,59.2383,5.0144,11.6258,0.6655,68.3513,144.8953,302.832
232,54.1673,3.5858,40.4589,0.594,81.1941,180.0001,302.8359
233,51.8308,3.8524,10.1353,28.576,81.5444,175.9389,302.8359
234,13.3416,25.7574,11.0311,0.5842,75.4954,126.2097,302.8398
235,101.0649,4.0992,10.3167,0.5922,116.2103,232.2833,302.8398
236,52.6636,4.7891,11.4493,0.6248,67.0687,136.5955,302.8398
237,48.08,4.8317,31.4335,0.8024,92.8048,177.9524,302.8398
238,62.939,32.3632,11.3474,0.6868,65.6096,172.946,302.8398
239,13.3676,63.3136,7.1817,0.6548,161.6238,246.1415,302.8398
240,67.7512,4.5048,6.9183,0.6117,78.6595,158.4455,302.8398
241,139.7941,4.4084,6.5541,0.5791,225.3957,376.7314,302.8398
242,22.5327,4.0345,34.2568,0.6824,238.4621,299.9685,302.8398
243,71.0162,3.4791,6.8354,0.5657,63.5212,145.4176,302.8398
244,60.3694,52.8195,12.3625,0.7511,91.1173,217.4198,302.8398
245,82.7148,4.9162,95.1841,0.7443,61.7306,245.29,302.8398
246,55.1925,3.6351,10.0239,0.5741,107.5392,176.9648,302.8438
247,59.8826,5.1409,10.2792,0.5493,68.898,144.75,302.8438
248,28.1939,4.4666,61.2536,0.6391,72.1237,166.6769,302.8438
249,114.5138,4.0726,10.2516,0.5709,62.4509,191.8598,302.8477
250,95.4224,3.7661,10.2244,0.5528,100.5723,210.538,302.8477
251,12.9075,4.2181,9.5836,0.5491,58.8489,86.1072,302.8477
252,163.3134,4.3709,9.5238,0.5605,51.6035,229.3721,302.8516
253,75.9811,4.2784,11.6721,0.6213,95.91,188.4629,302.8516
254,64.822,4.4863,6.9834,0.5639,83.9952,160.8508,302.8516
255,177.0085,4.1406,10.2876,0.5622,58.7597,250.7586,302.8516
256,49.2083,4.3734,10.1378,0.5898,215.7661,280.0754,302.8516
257,60.2958,4.8265,10.2984,0.6152,115.5407,191.5766,302.8555
258,12.4296,4.1943,31.5988,0.6178,113.672,162.5125,302.8555
259,14.3625,4.3505,40.3633,0.7404,138.188,198.0047,302.8555
260,52.8332,4.6835,11.4613,0.6822,71.9333,141.5935,302.8594
261,37.1981,3.8855,10.4445,0.5923,58.4907,110.6111,302.8594
262,59.1939,4.4419,44.5411,0.6551,124.8007,233.6327,302.8594
263,13.1117,4.1393,9.818,0.5831,104.6833,132.3354,302.8047
264,46.5813,4.7272,10.1593,0.5857,104.4304,166.4839,302.8047
265,81.6738,4.9252,39.6053,0.6192,98.8095,225.633,302.8047
266,70.7864,4.2102,9.9562,0.5599,140.2198,225.7325,302.8086
267,28.0859,70.2537,7.6375,0.596,121.9049,228.478,302.8086
268,54.9336,3.9696,41.9495,0.6878,120.8966,222.4371,302.8086
269,13.5395,4.0851,7.1944,0.6763,60.9163,86.4116,302.8125
270,99.7681,5.0563,41.2484,0.6008,72.6521,219.3257,302.8125
271,157.9813,4.3944,10.2579,0.5435,53.7708,226.9479,302.8125
272,241.8277,4.573,8.9125,0.6127,71.6864,327.6123,302.8125
273,107.3821,3.6062,59.8274,0.7292,68.7309,240.2758,302.8125
274,43.663,4.282,6.3614,0.5415,107.7216,162.5695,302.8125
275,53.1506,3.5773,6.6793,0.5522,53.1324,117.0918,302.8125
276,57.1487,4.2725,6.5195,0.6025,65.718,134.2612,302.8125
277,67.6473,4.3713,10.5898,0.6093,59.1423,142.36,302.8125
278,12.5865,54.6208,9.7854,0.5873,109.1475,186.7275,302.8125
279,63.8254,4.7716,57.1477,0.667,49.8675,176.2792,302.8125
280,58.3987,4.4694,7.5348,0.5986,60.9957,131.9972,302.8125
281,179.8129,4.695,7.5902,0.6101,64.1277,256.8359,302.8125
282,60.4816,4.3547,10.2758,0.6138,61.7266,137.4525,302.8125
283,103.4025,4.4198,8.8481,0.7191,58.5617,175.9512,302.8125
284,13.3808,4.0497,39.8677,0.6603,92.2412,150.1997,302.8125
285,40.5928,4.5738,55.2279,0.6339,77.4939,178.5223,302.8203
286,48.4145,4.4995,7.0307,0.5678,116.0119,176.5244,302.8203
287,46.2932,4.1124,10.0555,0.5725,61.0847,122.1183,302.8242
288,148.3004,4.9268,10.2833,0.5742,61.261,225.3457,302.8242
289,46.8138,4.6053,10.4333,0.5825,115.3565,177.7914,302.8281
290,50.4155,4.6267,8.9242,0.6719,61.6143,126.2526,302.8281
291,13.3431,33.8481,7.215,0.5756,63.7517,118.7335,302.8281
292,13.1822,4.2528,34.5739,0.6144,239.7613,292.3846,302.8281
293,57.7158,4.1678,6.6341,0.6043,52.5478,121.6698,302.8281
294,103.4802,4.711,10.1457,0.5627,67.1984,186.098,302.8281
295,112.819,4.7675,6.5351,0.577,120.0351,244.7337,302.8281
296,120.6275,4.8392,39.4607,0.7841,74.2268,239.9383,302.8281
297,182.735,3.8853,10.3339,0.6458,142.2022,339.8022,302.8281
298,116.087,5.0201,11.909,0.7073,72.7943,206.5177,302.8281
299,46.8931,4.3923,8.399,0.5886,119.672,179.945,302.8281
300,49.6815,4.7115,26.1152,32.4024,64.8758,177.7864,302.832
301,61.9137,4.9728,55.3508,0.6439,69.413,192.2942,302.832
302,61.3879,4.9231,10.4305,0.5954,57.4194,134.7563,302.832
303,40.7235,4.01,9.9686,0.6192,65.2229,120.5442,302.832
304,60.8034,4.8578,35.526,0.6722,65.1005,166.9599,302.832
305,41.4466,5.249,10.292,0.594,69.9189,127.5005,302.8359
306,47.983,4.4097,9.9393,0.5578,94.4833,157.3731,302.8359
307,53.7805,3.585,30.902,0.6335,71.3096,160.2106,302.8359
308,69.5326,5.0208,34.9521,0.6795,73.709,183.894,302.8359
309,43.7608,3.8881,9.8855,0.5924,64.615,122.7418,302.8359
310,111.5802,5.6258,6.9983,0.5735,105.0019,229.7797,302.8359
311,62.986,4.2472,8.1484,0.5808,118.3591,194.3215,302.8359
312,15.0213,4.1885,60.517,0.6019,87.1647,167.4934,302.8359
313,29.5365,64.2849,10.5298,0.5895,162.8702,267.8109,302.8359
314,13.1257,4.4144,10.0342,0.5389,86.47,114.5832,302.8359
315,14.4468,4.2542,10.0233,0.5573,100.7792,130.0608,302.8398
316,46.515,3.9177,36.9482,0.6509,131.1287,219.1605,302.8438
317,21.8834,57.4168,10.5756,0.9556,112.6159,203.4473,302.8477
318,63.0371,4.5259,8.1551,0.6054,59.6583,135.9818,302.8477
319,53.5331,4.3773,10.0871,0.5606,105.7512,174.3093,302.8477
320,57.4889,3.5325,7.9461,0.5725,101.7953,171.3353,302.8477
321,26.093,31.016,9.4497,0.6121,76.5637,143.7345,302.8477
322,39.8027,4.2619,41.7139,0.6738,79.6585,166.1108,302.8477
323,37.9306,4.3428,9.8046,0.5631,104.1561,156.7972,302.8477
324,48.7392,4.6892,7.4694,0.5928,107.2949,168.7855,302.8516
325,54.5669,4.0315,28.9392,30.9207,113.6099,232.0682,302.8516
326,12.2057,3.9936,6.394,0.5691,66.2464,89.4088,302.8516
327,94.6436,4.8211,7.1909,0.5545,50.7831,157.9932,302.8516
328,60.9116,4.0069,41.5165,0.6502,69.1615,176.2467,302.8516
329,45.9015,4.0447,9.1864,0.5889,72.7322,132.4537,302.8516
330,88.311,4.5241,10.0284,0.5526,104.4056,207.8217,302.8516
331,66.7161,3.6145,8.6669,0.5438,99.9858,179.5271,302.8516
332,14.5343,3.7817,6.8508,0.5411,89.4146,115.1225,302.8555
333,51.0281,3.8663,88.4399,0.7804,58.9601,203.0748,302.8555
334,46.9193,4.2317,7.2565,0.5742,73.4146,132.3963,302.8555
335,54.3402,4.3265,6.4764,0.5452,59.1607,124.849,302.8555
336,48.8728,4.3192,39.3767,0.6481,183.4417,276.6585,302.8555
337,54.7284,5.1041,7.1877,0.6168,97.6335,165.2705,302.8555
338,25.275,29.6983,7.4427,0.5816,118.8613,181.8589,302.8555
339,62.6398,4.5425,6.7598,0.5753,95.5327,170.0501,302.8555
340,50.0677,4.9278,8.1238,0.6417,73.7284,137.4894,302.8555
341,169.8215,3.8063,38.1847,0.6819,266.4383,478.9327,302.8555
342,55.4444,4.2497,91.1322,0.7745,65.012,216.6128,302.8555
343,15.599,3.848,33.6479,0.6577,143.0016,196.7542,302.8555
344,64.6667,4.5113,10.1459,0.6067,96.5676,176.4982,302.8633
345,61.2422,4.4251,11.1473,0.6272,114.5995,192.0413,302.8672
346,101.8043,4.3333,58.3145,0.7312,65.4811,230.6644,302.8672
347,48.259,4.614,7.8763,0.5608,57.6515,118.9616,302.8672
348,39.3235,4.5447,10.2322,0.5673,77.1119,131.7796,302.8711
349,90.9712,4.6638,10.3604,0.5729,104.7957,211.364,302.8711
350,55.7415,4.6814,10.2337,0.5531,60.3817,131.5914,302.8711
351,45.2782,4.3363,10.0833,0.532,103.1865,163.4163,302.8711
352,30.877,61.7524,59.5096,0.6861,64.6686,217.4937,302.8711
353,47.6817,4.0855,12.6805,0.636,60.3067,125.3904,302.8711
354,46.685,4.0509,10.1778,0.5512,90.2835,151.7484,302.8711
355,63.9861,4.6021,6.4786,0.5602,131.258,206.885,302.8711
356,159.6052,3.8356,43.5044,0.6499,63.8143,271.4094,302.8711
357,40.601,4.5454,10.5008,0.6117,98.9139,155.1728,302.8711
358,13.8715,3.8298,10.0521,0.56,118.4336,146.747,302.8711
359,130.8904,27.0356,10.9701,0.5906,168.2745,337.7612,302.8711
360,62.4434,4.4662,6.831,0.5943,64.6683,139.0032,302.8711
361,55.0117,32.2525,12.6047,1.0859,67.988,168.9428,302.8711
362,77.4695,5.3107,37.4849,0.6728,112.3516,233.2895,302.8711
363,13.5335,3.9294,9.8249,25.6188,61.9612,114.8678,302.875
364,13.5337,4.2972,10.064,0.5902,62.7183,91.2034,302.8789
365,36.6114,4.3851,10.2203,0.6271,58.8095,110.6534,302.8789
366,124.0442,67.4343,10.6369,0.5866,66.0233,268.7253,302.8789
367,57.4629,4.588,40.9211,0.7101,61.5132,165.1953,302.8789
368,67.6615,3.8246,10.8425,0.7294,119.3988,202.4568,302.8789
369,50.8657,4.0865,40.2172,0.88,113.0516,209.101,302.8789
370,24.714,4.2175,35.9531,0.7161,65.143,130.7437,302.8789
371,64.2956,5.0827,10.3991,0.5649,61.2919,141.6342,302.8789
372,39.699,4.2841,40.6954,0.6291,73.2196,158.5272,302.8789
373,11.8513,28.3585,7.6981,0.6251,79.5169,128.0499,302.8828
374,57.942,4.3715,31.9412,0.6313,72.7369,167.6229,302.8867
375,64.584,4.5001,11.2695,0.5676,141.6457,222.5669,302.8867
376,15.9865,5.2557,23.1173,0.6138,60.6501,105.6234,302.8867
377,62.4743,4.3158,10.0712,0.6013,93.2705,170.7331,302.8867
378,61.8481,3.84,10.0117,0.548,205.8765,282.1243,302.8867
379,18.348,3.5349,6.1128,0.593,168.4553,197.044,302.8867
380,13.0649,57.8441,10.5953,0.6552,56.9056,139.0651,302.8906
381,120.8776,4.3102,6.2598,0.5715,60.3018,192.3209,302.8906
382,60.5873,4.4189,56.9751,0.8142,71.1582,193.9537,302.8906
383,50.7382,33.0991,7.0809,0.5809,77.3498,168.8489,302.8945
384,58.3221,3.9171,51.4529,0.715,58.6004,173.0075,302.8945
385,53.6918,4.3377,6.4088,0.5949,115.3746,180.4078,302.8945
386,12.7234,56.2199,11.1513,0.7321,128.2736,209.1003,302.8945
387,222.2092,4.8012,7.2931,0.5488,41.6561,276.5084,302.8945
388,113.0392,4.3635,10.2113,0.5985,59.8453,188.0578,302.8945
389,93.7208,4.3032,10.1693,0.5768,114.2548,223.0249,302.8945
390,13.271,4.2685,40.8532,0.6232,69.3896,128.4055,302.8945
391,32.0574,4.409,7.0771,0.5466,63.0635,107.1536,302.8945
392,12.6117,32.8798,8.0711,0.5628,105.5972,159.7226,302.8945
393,55.661,4.3646,6.8554,0.5891,63.4508,130.9209,302.8945
394,36.8821,4.4442,7.3608,0.5534,58.4281,107.6686,302.8945
395,49.1101,3.8081,8.2217,0.5807,183.1926,244.9132,302.8945
396,40.1586,4.7598,6.8537,0.6599,62.1654,114.5974,302.8984
397,45.8458,5.1203,6.9629,0.6667,254.8073,313.403,302.8984
398,44.5953,4.2988,38.9099,0.6493,63.9365,152.3898,302.8984
399,13.8893,4.2598,35.8046,0.7088,59.2339,113.8964,302.8984
400,51.0343,3.8481,7.0993,0.7473,72.9722,135.7012,302.8984
401,46.9779,4.9582,10.9756,0.5753,102.2318,165.7188,302.8984
402,63.858,4.2032,40.8512,0.7232,116.5131,226.1487,302.9062
403,68.8748,3.88,9.8037,0.5435,104.7599,187.8619,302.9062
404,15.9759,4.4976,10.8533,27.4801,87.6497,146.4566,302.9102
405,48.1821,4.3044,49.4444,0.6769,109.5022,212.11,302.9102
406,62.8848,4.2244,9.8851,0.5671,84.621,162.1824,302.9102
407,74.3927,4.5767,37.8503,0.681,111.3369,228.8376,302.9102
408,29.2521,31.3054,62.5501,0.7639,175.7408,299.6123,302.9102
409,59.0861,3.9607,7.312,0.5915,56.2924,127.2427,302.9102
410,60.7865,5.0162,10.9059,0.5743,66.0485,143.3314,302.9102
411,51.7781,36.356,7.6986,0.6048,77.5986,174.0361,302.9102
412,50.3797,3.4862,8.8447,0.5393,63.7984,127.0483,302.9141
413,46.4361,3.8887,43.0912,0.7281,118.9585,213.1026,302.9141
414,59.1066,4.0493,29.3005,0.5916,63.8386,156.8866,302.9141
415,22.3079,29.9879,60.1343,2.0175,76.7995,191.2471,302.9141
416,62.2772,4.3017,37.9674,0.7326,76.3132,181.5921,302.9141
417,104.5739,3.7448,7.687,0.5801,58.0943,174.6801,302.9141
418,56.7979,4.191,54.6366,0.7122,114.2385,230.5762,302.9141
419,14.0115,4.3062,31.6113,0.6498,63.8103,114.3891,302.9141
420,53.4884,4.3615,6.7396,0.6091,63.5552,128.7538,302.9141
421,55.0424,4.335,10.5658,25.2346,32.2276,127.4054,302.9141
422,67.2856,4.1095,6.8124,0.5723,54.7118,133.4916,302.918
423,51.8115,4.0816,6.6648,0.5641,112.3822,175.5042,302.918
424,53.7132,4.6706,7.0045,0.6356,63.5365,129.5604,302.918
425,48.5425,4.7884,6.9455,0.5573,109.7326,170.5663,302.918
426,45.1951,5.0489,7.1224,0.5781,66.2563,124.2008,302.918
427,16.2632,32.5975,7.6078,0.5822,110.9331,167.9838,302.918
428,20.0606,4.3103,45.9583,1.0498,66.4062,137.7852,302.9219
429,12.6126,4.303,6.8785,0.5813,47.0086,71.384,302.9219
430,43.0508,4.2844,9.9356,0.5574,105.1433,162.9715,302.9258
431,13.9974,4.379,40.7466,0.7552,197.0585,256.9367,302.9258
432,13.9865,4.2565,37.4632,0.6594,113.4074,169.773,302.9258
433,14.0436,3.5908,7.2245,0.5874,88.9263,114.3726,302.9258
434,20.9169,3.895,41.211,0.8416,61.2261,128.0906,302.9297
435,12.8136,4.8078,8.2541,27.3081,123.382,176.5656,302.9297
436,15.8844,5.1049,7.5666,29.7902,83.1091,141.4552,302.9297
437,45.402,4.7137,7.261,0.6055,175.3134,233.2956,302.9297
438,130.5072,3.858,7.604,0.539,55.3608,197.869,302.9297
439,32.6794,5.266,6.5859,0.5833,71.7515,116.8661,302.9297
440,61.6179,4.2319,39.9868,0.8053,63.7804,170.4223,302.9297
441,19.4777,4.3289,26.2082,0.6795,78.8153,129.5096,302.9336
442,59.9378,3.8824,106.5247,0.683,64.4333,235.4612,302.9336
443,12.7643,3.8768,42.0742,0.618,50.5627,109.896,302.9336
444,19.2491,32.2037,7.032,0.6201,66.8836,125.9885,302.9375
445,52.245,4.5282,10.2844,0.5763,66.0153,133.6492,302.9375
446,53.8202,4.2399,9.8911,0.5808,140.9988,209.5308,302.9375
447,62.1561,4.6825,6.4667,0.5496,58.542,132.3969,302.9375
448,110.1474,4.9749,10.3354,0.622,56.8621,182.9418,302.9375
449,73.1603,4.0573,84.745,0.7473,79.2183,241.9282,302.9375
450,104.3762,4.7797,10.112,0.5515,54.233,174.0524,302.9375
451,47.9097,4.4959,50.1256,0.6246,104.7704,207.9262,302.9375
452,14.4648,3.8272,34.9637,0.6928,74.052,128.0005,302.9375
453,62.8062,5.3552,11.4917,0.6389,91.976,172.268,302.9375
454,64.1321,4.6666,10.1364,0.568,100.7285,180.2316,302.9375
455,13.6693,4.3863,10.2692,0.5733,112.7694,141.6675,302.9375
456,117.0277,5.071,10.4066,0.6141,90.9208,224.0402,302.9375
457,57.0956,6.1196,23.1975,0.669,181.3602,268.4419,302.9375
458,61.7577,4.4496,9.4819,0.5451,96.1425,172.3768,302.9375
459,16.571,4.3332,86.5373,0.8161,66.6949,174.9525,302.9414
460,68.3564,3.9533,6.6671,0.611,62.1475,141.7353,302.9453
461,125.3201,59.1859,10.8941,0.5801,62.0446,258.0248,302.9492
462,50.8544,4.3977,48.2755,0.6946,118.7546,222.9768,302.9492
463,26.3942,29.9989,13.0769,0.6209,77.4572,147.5481,302.9492
464,50.9535,4.2184,7.1546,0.5963,94.7837,157.7065,302.9492
465,45.7111,5.1776,10.3901,0.5555,52.7468,114.5811,302.9492
466,14.095,22.3897,10.907,0.5916,152.3848,200.3681,302.9531
467,82.1366,4.4279,61.9618,0.6206,55.7036,204.8505,302.9531
468,59.3842,4.5441,8.3842,0.5877,117.8524,190.7526,302.9531
469,71.0083,29.5076,11.197,0.5977,57.8712,170.1818,302.9531
470,49.2914,3.9574,10.1787,0.5354,57.8746,121.8375,302.9531
471,57.7862,4.5545,9.0829,0.5635,170.3058,242.2929,302.9531
472,48.5449,4.5469,12.1665,0.5706,72.4232,138.2521,302.9531
473,110.1643,3.9893,52.8964,0.7409,104.5033,272.2942,302.9531
474,14.0549,4.6883,9.8955,0.6697,101.9959,131.3043,302.9531
475,50.7342,3.8993,10.1761,0.5582,99.0556,164.4234,302.9531
476,61.765,4.9228,10.2751,0.5891,125.1266,202.6786,302.957
477,54.5985,74.2555,7.3966,0.6483,63.7089,200.6078,302.957
478,43.0792,5.1042,6.5528,0.5613,63.0611,118.3586,302.957
479,13.699,31.549,57.8084,0.7151,137.2204,240.9919,302.957
480,51.4947,4.2886,6.5247,0.6009,112.322,175.2309,302.9609
481,14.0092,4.3276,41.7244,0.9408,77.0728,138.0748,302.9609
482,52.8157,4.2634,43.337,0.6484,120.9412,222.0057,302.9609
483,12.6984,3.8816,42.0449,0.6697,83.3148,142.6094,302.9609
484,88.0827,4.3655,10.0092,0.5851,170.748,273.7905,302.9609
485,12.9624,4.6248,41.938,0.718,117.884,178.1272,302.9609
486,52.1058,4.9748,10.1581,0.5666,166.1749,233.9802,302.9609
487,64.2597,4.5896,9.9449,0.5566,234.9875,314.3383,302.9648
488,75.3544,60.5121,49.5649,0.735,69.61,255.7764,302.9648
489,60.7917,3.3989,116.8109,0.7007,84.9653,266.6675,302.9648
490,59.052,32.6762,59.7722,0.6397,69.7739,221.914,302.9648
491,57.8238,4.4364,57.9192,0.6693,72.3411,193.1898,302.9648
492,80.6219,5.5995,43.5125,0.6062,79.2651,209.6052,302.9688
493,15.9628,34.9667,11.2761,0.628,79.7995,142.6331,302.9688
494,101.4458,4.1106,7.2464,0.5424,126.2609,239.6061,302.9688
495,56.6196,4.2615,10.1393,0.5606,105.692,177.273,302.9688
496,69.8098,4.2626,42.0223,0.6698,56.8082,173.5727,302.9727
497,71.4108,4.2981,9.446,0.5963,98.0437,183.7949,302.9727
498,16.9361,4.2012,37.8145,0.6099,164.9547,224.5164,302.9727
499,18.4787,4.2891,28.842,0.6381,56.651,108.8989,302.9727
