model,variant,threads,runs,p50,p95,mean,std,min,max
recognizer,fp32,1,500,124.5131,124.9041,124.5512,0.1939,124.1922,125.5325
recognizer,fp32,default,500,54.1275,54.6418,54.2292,0.5876,53.7039,63.4474
liveness,fp32,1,500,38.5633,38.7666,38.5821,0.1068,38.3365,39.2568
liveness,fp32,default,500,20.6996,21.0159,20.7486,0.3829,20.4222,25.6604
recognizer,int8pt,1,500,141.7922,142.0216,141.8042,0.1214,141.5728,142.3346
recognizer,int8pt,default,500,71.3439,71.7654,71.4088,0.3884,71.0508,76.7099
liveness,int8pt,1,500,42.3878,42.572,42.4041,0.0868,42.2374,42.8702
liveness,int8pt,default,500,24.4021,24.6102,24.435,0.2584,24.1703,28.4527
recognizer,int8pc,1,500,142.2937,142.5205,142.3153,0.1232,142.0478,142.967
recognizer,int8pc,default,500,71.7322,72.0261,71.7602,0.246,71.3439,74.4777
liveness,int8pc,1,500,42.7662,42.9103,42.7817,0.0772,42.6275,43.3403
liveness,int8pc,default,500,24.6226,25.2399,24.7375,0.5148,24.4438,29.0816
