cell,runs,detect_ms_p50,detect_ms_p95,detect_ms_std,liveness_prep_ms_p50,liveness_prep_ms_p95,liveness_prep_ms_std,liveness_infer_ms_p50,liveness_infer_ms_p95,liveness_infer_ms_std,recog_prep_ms_p50,recog_prep_ms_p95,recog_prep_ms_std,recog_infer_ms_p50,recog_infer_ms_p95,recog_infer_ms_std,total_ms_p50,total_ms_p95,total_ms_std,rss_mb_max,cpu_ms_per_frame,cpu_temp_end_c,throttled_end,recognizer_mb,liveness_mb
rec-fp32_live-fp32,500,138.741,140.357,1.031,9.181,10.041,0.361,20.773,21.053,0.18,2.033,2.314,0.131,54.382,55.024,0.805,225.16,227.625,1.513,2001.9,686.2,69.14,0x0,12.985,1.824
rec-fp32_live-int8pc,500,135.395,137.329,0.962,9.412,9.839,0.256,24.725,24.917,0.138,2.051,2.328,0.128,52.254,52.738,0.286,223.96,226.011,1.074,2003.4,683.67,74.497,0x0,12.985,0.692
rec-fp32_live-int8pt,500,137.883,141.078,2.094,9.553,10.044,0.319,24.874,25.206,0.26,2.069,2.359,0.133,53.12,53.809,0.54,227.517,231.58,2.794,2003.2,690.85,77.419,0x0,12.985,0.621
rec-int8pc_live-fp32,500,146.87,147.598,0.465,9.563,10.038,0.195,20.991,21.241,0.166,2.07,2.349,0.133,69.221,69.549,0.207,248.768,250.0,0.636,356.5,714.87,75.471,0x0,3.507,1.824
rec-int8pc_live-int8pc,500,151.081,151.89,0.488,9.519,10.06,0.256,25.151,25.297,0.097,2.095,2.384,0.139,69.718,70.002,0.169,257.602,258.794,0.641,348.5,731.68,78.393,0x0,3.507,0.692
rec-int8pc_live-int8pt,500,147.728,149.507,0.875,9.496,10.04,0.264,25.287,25.483,0.131,2.097,2.391,0.135,69.401,69.681,0.217,254.139,255.8,0.933,349.1,718.4,77.906,0x0,3.507,0.621
rec-int8pt_live-fp32,500,147.159,147.748,0.425,9.711,10.369,0.347,21.223,21.388,0.13,2.093,2.391,0.132,69.403,69.665,0.132,249.727,250.908,0.652,356.8,710.28,79.367,0x0,3.363,1.824
rec-int8pt_live-int8pc,500,146.682,147.322,0.553,9.525,9.903,0.189,25.195,25.348,0.159,2.099,2.396,0.136,69.14,69.379,0.186,252.677,253.678,0.67,349.4,719.81,79.367,0x0,3.363,0.692
rec-int8pt_live-int8pt,500,145.248,146.33,0.657,9.604,10.099,0.249,25.015,25.179,0.15,2.104,2.394,0.135,69.594,69.863,0.208,251.643,252.938,0.75,348.4,715.98,79.367,0x0,3.363,0.621
