cell,runs,detect_ms_p50,detect_ms_p95,detect_ms_std,liveness_prep_ms_p50,liveness_prep_ms_p95,liveness_prep_ms_std,liveness_infer_ms_p50,liveness_infer_ms_p95,liveness_infer_ms_std,recog_prep_ms_p50,recog_prep_ms_p95,recog_prep_ms_std,recog_infer_ms_p50,recog_infer_ms_p95,recog_infer_ms_std,total_ms_p50,total_ms_p95,total_ms_std,rss_mb_max,recognizer_mb,liveness_mb
rec-fp32_live-fp32,500,55.35,129.904,42.284,4.453,35.945,11.785,6.2,54.159,20.078,0.608,0.811,3.259,30.574,99.193,30.622,110.91,230.821,52.032,312.4,12.985,1.824
rec-fp32_live-int8pc,500,51.223,126.029,37.854,4.413,51.154,14.372,10.35,57.651,20.746,0.604,0.772,2.287,37.897,99.11,30.303,115.335,216.004,47.829,312.8,12.985,0.692
rec-fp32_live-int8pt,500,55.557,128.063,39.873,4.396,36.566,11.978,10.287,62.269,22.837,0.608,0.784,2.685,30.745,97.89,29.767,119.616,215.163,49.399,311.7,12.985,0.621
rec-int8pc_live-fp32,500,50.378,118.905,32.642,4.421,35.868,10.677,6.219,44.685,14.64,0.6,0.86,3.156,81.947,152.712,33.357,159.621,259.017,49.667,304.6,3.507,1.824
rec-int8pc_live-int8pc,500,49.838,124.998,37.922,4.422,35.652,11.713,10.346,61.28,21.912,0.607,0.889,3.695,77.855,161.2,34.237,170.527,275.976,54.024,302.9,3.507,0.692
rec-int8pc_live-int8pt,500,50.991,125.339,36.911,4.391,37.749,13.306,10.284,59.775,20.878,0.615,0.836,4.178,77.403,170.827,40.17,174.215,280.415,57.07,303.0,3.507,0.621
rec-int8pt_live-fp32,500,48.026,132.427,34.324,4.396,30.865,10.052,6.279,45.054,15.273,0.608,0.793,2.561,75.023,150.383,33.034,156.694,248.393,47.421,305.9,3.363,1.824
rec-int8pt_live-int8pc,500,56.789,150.5,44.778,4.541,37.046,12.11,10.842,61.994,23.876,0.638,0.824,4.316,87.782,162.099,35.808,186.298,300.459,58.568,307.8,3.363,0.692
rec-int8pt_live-int8pt,500,56.386,131.758,38.871,4.542,41.634,14.061,10.766,63.128,22.705,0.646,0.82,2.186,80.338,177.946,39.601,182.032,302.49,55.935,306.6,3.363,0.621
