run,detect_ms,liveness_prep_ms,liveness_infer_ms,recog_prep_ms,recog_infer_ms,total_ms,cpu_ms,rss_mb,cpu_temp_c,cpu_freq_mhz
0,139.0723,9.0403,20.7764,1.9394,54.1854,225.0138,686.4835,2001.3672,55.504,1800.0
1,139.3723,9.1266,20.7356,2.1011,54.7249,226.0604,688.7275,2001.3711,55.991,1800.0
2,139.122,9.0535,20.7897,2.1203,54.2854,225.3709,686.518,2001.3711,55.504,1800.0
3,138.4201,9.7908,20.6129,2.3528,54.5175,225.6941,687.8304,2001.375,55.991,1800.0
4,138.6516,9.1657,20.7606,2.013,54.8972,225.4881,686.9439,2001.375,55.017,1800.0
5,138.517,9.2426,20.8507,2.0135,54.3838,225.0076,684.1989,2001.375,55.504,1800.0
6,139.117,9.1257,20.783,2.2053,54.2745,225.5054,685.4071,2001.375,55.504,1800.0
7,139.6543,9.9841,20.6804,2.224,54.5057,227.0485,689.6079,2001.375,55.504,1800.0
8,138.1483,9.2337,20.7644,2.0112,54.4229,224.5805,683.9796,2001.375,55.991,1800.0
9,139.679,8.8187,20.7457,2.0671,54.4748,225.7853,689.1424,2001.3789,54.53,1800.0
10,138.7442,9.2917,20.8106,1.9649,56.0557,226.8671,685.0459,2001.3828,54.53,1800.0
11,138.6158,9.1721,20.6744,1.8848,54.2978,224.6449,685.1637,2001.3867,55.991,1800.0
12,139.0761,8.9402,20.7806,1.9486,54.4689,225.2145,685.0818,2001.3867,55.504,1800.0
13,138.9687,8.9035,20.8111,1.9816,54.2733,224.9381,684.354,2001.3867,55.504,1800.0
14,138.7542,9.4697,20.7242,2.3188,54.2202,225.4872,685.5064,2001.3867,55.991,1800.0
15,139.9623,9.7617,20.7182,2.197,54.4941,227.1333,686.9337,2001.3867,55.991,1800.0
16,138.5709,9.0936,20.8567,1.936,54.2815,224.7386,683.3238,2001.3867,55.991,1800.0
17,138.1877,9.1046,20.7989,1.9749,54.1965,224.2625,683.5871,2001.3867,55.991,1800.0
18,140.0192,8.9041,20.7597,1.9806,54.2059,225.8695,685.9545,2001.3867,55.991,1800.0
19,139.567,9.8295,20.8119,2.1292,54.4277,226.7654,691.1754,2001.3867,55.991,1800.0
20,139.5949,9.1702,20.8182,1.9414,54.2608,225.7855,688.266,2001.3906,56.965,1800.0
21,139.2255,9.0983,20.7832,2.0869,54.1033,225.2972,686.9053,2001.3906,55.991,1800.0
22,139.8334,9.1263,20.8257,2.0714,54.4084,226.2652,689.1051,2001.3945,55.991,1800.0
23,138.325,9.6801,20.6596,2.3726,54.0779,225.1152,685.4641,2001.3945,55.991,1800.0
24,139.4856,9.2414,20.7225,2.0152,54.885,226.3498,688.4124,2001.3945,56.965,1800.0
25,138.8527,9.127,21.1093,1.9645,54.2857,225.3391,687.7652,2001.3945,56.478,1800.0
26,138.3493,9.2506,20.7838,2.1502,54.3515,224.8854,684.7397,2001.3945,55.991,1800.0
27,138.6852,9.952,20.6942,2.2768,54.7069,226.3151,686.6243,2001.3945,55.991,1800.0
28,139.4541,9.2821,20.9136,2.0108,54.1769,225.8375,685.6284,2001.3945,55.017,1800.0
29,139.4664,8.9357,20.7174,2.0606,54.3852,225.5652,688.023,2001.3984,56.478,1800.0
30,139.2322,9.369,20.838,1.959,54.3069,225.7051,686.8677,2001.4023,56.965,1800.0
31,138.9865,9.4301,20.6918,1.8911,54.438,225.4376,686.5257,2001.4023,56.478,1800.0
32,139.9479,8.9101,20.6833,1.9234,54.3609,225.8256,686.6177,2001.4023,55.991,1800.0
33,141.0929,8.6863,20.7039,2.0601,54.1583,226.7014,686.154,2001.4062,56.478,1800.0
34,138.7101,9.3659,20.7809,2.2408,54.4276,225.5253,686.129,2001.4102,56.478,1800.0
35,138.326,10.1388,20.7998,2.2081,54.3145,225.7873,686.3035,2001.4102,56.965,1800.0
36,139.1551,9.1573,20.8241,1.9279,54.2866,225.351,688.0266,2001.4102,56.965,1800.0
37,140.261,8.9225,20.6804,1.9654,54.3727,226.2021,690.3886,2001.4102,57.452,1800.0
38,140.0364,9.0781,20.7215,1.96,54.1466,225.9425,686.3926,2001.4102,55.991,1800.0
39,139.0908,9.8671,20.7644,2.0909,54.3014,226.1147,690.0028,2001.4102,57.452,1800.0
40,138.8702,9.0221,20.7218,1.9912,54.1987,224.804,685.5049,2001.4141,56.965,1800.0
41,138.8546,9.0645,20.849,2.033,54.7452,225.5463,687.0364,2001.4141,56.478,1800.0
42,139.844,9.0244,20.808,2.1314,54.4327,226.2406,686.0727,2001.4141,57.939,1800.0
43,138.1733,9.8512,20.6241,2.3105,54.2903,225.2494,686.1571,2001.4141,57.452,1800.0
44,138.873,9.1995,21.1485,2.0695,54.112,225.4025,686.4325,2001.4141,57.452,1800.0
45,138.7004,9.2254,20.8438,1.9642,54.5124,225.2462,686.6808,2001.4141,57.452,1800.0
46,139.3333,9.1947,20.8518,2.2215,54.4664,226.0678,686.9262,2001.4141,57.452,1800.0
47,138.7579,10.0696,20.8183,2.2971,54.4759,226.4187,684.8526,2001.418,56.965,1800.0
48,138.9944,9.1462,20.8532,1.944,54.3208,225.2587,685.3589,2001.418,57.452,1800.0
49,139.0433,8.8936,20.5995,2.1127,54.3397,224.9888,686.1699,2001.418,57.452,1800.0
50,139.3864,9.1206,20.66,1.8951,54.2893,225.3514,685.755,2001.4219,57.452,1800.0
51,138.6288,9.3788,20.6878,1.8814,54.3529,224.9296,685.3742,2001.4219,57.452,1800.0
52,138.7737,8.9016,20.7438,1.9398,54.0973,224.4562,683.5723,2001.4219,57.939,1800.0
53,139.069,8.8754,20.7094,1.9681,54.0986,224.7206,684.0702,2001.4219,56.965,1800.0
54,139.2586,9.491,20.7935,2.2961,54.2022,226.0415,687.0405,2001.4219,57.939,1800.0
55,139.2031,10.3051,20.7972,2.1497,54.6115,227.0667,691.8706,2001.4219,57.452,1800.0
56,138.8355,9.1505,20.94,1.9976,53.8761,224.7997,683.1723,2001.4219,57.452,1800.0
57,139.344,9.0589,20.6208,2.0132,54.3746,225.4116,685.7069,2001.4258,57.452,1800.0
58,139.1048,9.1298,20.6663,1.9615,54.5332,225.3956,686.4499,2001.4258,58.426,1800.0
59,139.1343,9.756,21.1004,2.1313,54.1358,226.2578,686.557,2001.4297,57.939,1800.0
60,138.7156,9.0865,20.769,1.9791,54.2803,224.8305,684.8438,2001.4375,58.913,1800.0
61,138.7945,9.1809,20.8673,2.0477,54.5172,225.4076,686.3974,2001.4375,57.452,1800.0
62,139.6568,9.0136,20.7286,2.1054,54.4864,225.9907,687.3654,2001.4375,57.452,1800.0
63,138.7311,9.6564,20.6363,2.3734,54.6605,226.0578,689.7618,2001.4375,58.426,1800.0
64,138.8737,9.1505,21.2089,2.0041,54.378,225.6152,685.6929,2001.4375,56.965,1800.0
65,138.7583,9.152,20.7528,2.0323,54.3559,225.0514,685.4729,2001.4375,58.426,1800.0
66,138.6966,9.0761,20.7822,2.1965,54.3115,225.0629,683.159,2001.4375,56.478,1800.0
67,138.1306,10.0635,20.7705,2.2834,54.4718,225.7198,685.8723,2001.4375,56.965,1800.0
68,140.4414,9.0837,20.7855,1.9436,54.2832,226.5374,679.6996,2001.4375,57.939,1800.0
69,138.9019,8.6972,20.7423,2.1281,54.3247,224.7943,682.0863,2001.4375,57.939,1800.0
70,138.6451,9.2648,20.7563,1.8964,54.2243,224.7868,685.8182,2001.4414,58.426,1800.0
71,138.8398,9.4233,20.7123,1.9368,54.3911,225.3032,684.8089,2001.4414,58.426,1800.0
72,138.1656,8.9267,20.9807,1.9488,54.0922,224.114,681.8213,2001.4414,58.913,1800.0
73,138.6633,8.7698,20.5797,2.0277,54.4295,224.4699,682.4192,2001.4453,58.426,1800.0
74,138.5594,9.47,20.7347,2.2511,54.2209,225.236,686.0304,2001.4453,58.426,1800.0
75,138.4615,10.0053,20.776,2.1873,54.4717,225.9018,688.0129,2001.4453,57.452,1800.0
76,138.5898,9.1216,20.7718,1.9423,54.2752,224.7007,686.359,2001.4453,57.452,1800.0
77,140.3626,9.1036,20.7536,1.9684,54.5049,226.693,691.8449,2001.4453,58.913,1800.0
78,138.4656,9.0876,20.7095,1.9018,54.4768,224.6413,684.659,2001.4453,58.426,1800.0
79,138.708,9.7726,20.8627,2.0961,54.2697,225.7092,686.1751,2001.4453,58.426,1800.0
80,139.0737,8.9904,20.7265,1.9467,54.4106,225.148,686.4928,2001.4492,58.426,1800.0
81,139.5268,9.0667,20.7849,2.075,54.524,225.9774,688.2973,2001.4492,59.4,1800.0
82,138.9793,9.1193,20.7402,2.1148,54.2969,225.2504,686.2335,2001.4492,59.4,1800.0
83,138.2789,10.2459,20.6359,2.3058,54.4523,225.9189,688.3812,2001.4492,57.939,1800.0
84,138.751,9.2609,20.7932,2.0677,54.2781,225.1508,684.6359,2001.4531,59.4,1800.0
85,138.3988,9.1875,20.7893,2.0302,54.5311,224.9369,684.5668,2001.457,57.939,1800.0
86,139.1155,9.0963,20.6533,2.1509,54.7314,225.7474,687.0509,2001.4609,59.887,1800.0
87,138.9329,9.9076,21.0441,2.2195,54.5029,226.607,687.2231,2001.4609,58.913,1800.0
88,138.982,9.1886,20.8572,1.9974,54.2901,225.3153,684.9665,2001.4609,58.426,1800.0
89,139.4081,8.8638,20.7357,2.0723,54.4937,225.5737,686.0107,2001.4609,59.4,1800.0
90,139.6049,9.2956,20.7884,1.9468,54.2025,225.8383,686.9135,2001.4648,59.887,1800.0
91,138.9779,9.2054,20.9057,1.888,54.3768,225.3537,684.053,2001.4648,59.4,1800.0
92,138.9935,8.9042,20.7155,1.933,54.3877,224.9338,685.4386,2001.4648,58.913,1800.0
93,138.7696,8.7104,20.7277,1.9691,54.5139,224.6907,684.6801,2001.4648,60.374,1800.0
94,138.971,9.405,20.754,2.3131,54.3856,225.8286,687.133,2001.4648,58.913,1800.0
95,141.8911,9.8556,20.9123,2.1425,54.401,229.2025,686.8001,2001.4648,58.913,1800.0
96,138.987,9.1016,20.9858,2.0122,54.4815,225.5681,685.5775,2001.4648,59.887,1800.0
97,139.6186,8.9786,20.7468,1.9647,54.1662,225.475,686.2212,2001.4648,59.4,1800.0
98,139.0753,9.0799,20.7174,1.9641,54.5096,225.3464,685.8735,2001.4688,59.4,1800.0
99,139.3923,9.7075,20.7377,2.0605,54.2542,226.1523,688.1427,2001.4688,59.4,1800.0
100,138.8732,8.9955,20.8017,2.0035,54.3713,225.0452,683.5945,2001.4727,59.4,1800.0
101,138.5998,8.9725,20.7642,2.0835,54.1769,224.5969,684.0256,2001.4727,58.913,1800.0
102,138.7923,9.1615,20.7802,2.0677,54.4263,225.228,684.9366,2001.4727,59.887,1800.0
103,139.1689,9.6704,20.7108,2.3086,54.4948,226.3535,690.0375,2001.4727,59.887,1800.0
104,139.0619,9.2188,20.8913,2.0758,54.5253,225.7732,686.7235,2001.4727,59.887,1800.0
105,138.4516,9.1206,20.8569,1.9776,54.2041,224.6108,684.337,2001.4727,60.374,1800.0
106,138.94,9.2474,20.6793,2.157,54.6992,225.723,688.4369,2001.4727,59.4,1800.0
107,139.339,10.0719,20.7946,2.2677,54.1207,226.594,687.7771,2001.4766,59.887,1800.0
108,139.4404,9.1905,20.7894,1.9985,54.5674,225.9861,688.4834,2001.4766,58.913,1800.0
109,138.6945,8.9186,20.7424,2.0681,54.3793,224.8028,687.0828,2001.4766,58.913,1800.0
110,139.5853,9.2165,20.6564,1.9459,54.2647,225.6689,686.3606,2001.4805,60.374,1800.0
111,138.6328,9.2113,20.7053,1.8853,54.3652,224.7999,684.4908,2001.4844,59.887,1800.0
112,138.9237,8.9906,20.5519,1.9353,54.6959,225.0975,683.9233,2001.4844,58.913,1800.0
113,139.6649,8.7042,20.6658,1.9862,54.735,225.7561,688.1315,2001.4844,59.4,1800.0
114,139.5132,9.3943,20.7804,2.302,54.4079,226.3978,687.5445,2001.4883,59.887,1800.0
115,138.8755,9.6077,20.8478,2.2229,54.3479,225.9018,685.6616,2001.4883,59.4,1800.0
116,138.878,9.1167,20.8435,1.9374,54.5863,225.362,687.469,2001.4883,60.374,1800.0
117,138.3969,9.0443,20.7136,1.9668,54.3268,224.4484,684.4158,2001.4883,59.4,1800.0
118,138.9579,9.0069,23.1875,1.908,54.4426,227.5028,689.2018,2001.4883,60.374,1800.0
119,138.998,9.8947,20.7869,2.0971,54.386,226.1627,689.7866,2001.4883,60.861,1800.0
120,138.7997,9.2533,20.7289,1.933,54.1344,224.8493,685.5451,2001.4922,60.861,1800.0
121,138.7372,9.1028,20.81,2.085,54.1328,224.8679,683.1387,2001.4922,59.887,1800.0
122,139.4072,9.2103,20.784,2.0636,54.4268,225.8917,688.8344,2001.4922,59.887,1800.0
123,138.942,10.073,20.7245,2.3527,54.2869,226.3791,688.9453,2001.4922,58.913,1800.0
124,139.7787,9.3238,20.957,2.0676,54.2101,226.3372,688.6765,2001.4961,60.861,1800.0
125,138.9262,9.1773,20.792,1.9971,54.4836,225.3762,685.2643,2001.4961,60.861,1800.0
126,138.8889,9.1676,20.9391,2.1934,54.4213,225.6103,684.8284,2001.4961,59.887,1800.0
127,139.2154,10.2784,20.8222,2.2995,54.1186,226.7341,689.3088,2001.4961,59.887,1800.0
128,138.5871,9.1608,20.7304,1.9803,54.2664,224.7249,685.5828,2001.4961,59.887,1800.0
129,138.6328,8.9307,20.7279,2.0672,54.5355,224.8941,684.3643,2001.4961,60.861,1800.0
130,138.5612,9.3358,20.694,1.9551,54.226,224.7723,683.271,2001.5,60.374,1800.0
131,139.7803,9.2165,20.9005,1.8896,54.3571,226.1439,689.7476,2001.5,60.374,1800.0
132,138.495,8.8433,20.7062,1.9711,54.2726,224.2882,682.6875,2001.5039,60.861,1800.0
133,138.6371,8.6778,20.6835,2.0354,54.3403,224.3741,682.7057,2001.5039,61.348,1800.0
134,139.2201,9.4518,20.7389,2.2196,54.364,225.9944,688.6161,2001.5039,61.348,1800.0
135,138.6451,10.092,20.6495,2.1848,54.469,226.0405,689.3919,2001.5039,61.835,1800.0
136,138.6633,9.0605,20.7132,1.9517,54.3609,224.7497,685.2166,2001.5078,60.374,1800.0
137,139.9188,8.9631,20.7853,1.9651,54.5636,226.196,687.0438,2001.5078,60.861,1800.0
138,139.6518,9.1258,20.6788,1.968,54.2323,225.6566,687.0384,2001.5078,60.861,1800.0
139,138.9155,10.0181,20.8154,2.064,54.5513,226.3643,689.4121,2001.5078,60.861,1800.0
140,139.525,9.0312,20.7245,1.9866,54.6533,225.9207,688.3597,2001.5117,60.861,1800.0
141,138.7285,9.2225,20.7124,2.0416,54.1829,224.888,685.2824,2001.5117,61.348,1800.0
142,139.2763,9.0104,20.8385,2.144,54.3673,225.6364,685.9851,2001.5117,60.374,1800.0
143,138.4801,9.6432,20.586,2.315,54.5336,225.5579,686.6023,2001.5156,61.835,1800.0
144,139.6323,9.244,20.6905,2.0083,54.5441,226.1192,687.1968,2001.5156,60.861,1800.0
145,138.5041,9.0675,20.776,1.9716,54.3665,224.6858,683.1221,2001.5156,61.348,1800.0
146,139.4719,9.0362,20.9425,2.186,54.508,226.1446,687.8913,2001.5156,61.835,1800.0
147,137.6327,9.9997,20.7751,2.237,54.2057,224.8502,683.4905,2001.5156,62.322,1800.0
148,141.172,9.0601,20.936,1.9506,54.3224,227.4411,683.8441,2001.5156,60.861,1800.0
149,138.6167,8.7937,20.6468,2.1255,54.5511,224.7338,684.3204,2001.5195,60.861,1800.0
150,139.2683,9.1218,20.7888,1.903,54.1346,225.2166,684.6782,2001.5234,61.348,1800.0
151,139.203,9.224,20.7163,1.9538,54.1302,225.2273,686.4765,2001.5234,60.861,1800.0
152,139.0122,8.7944,20.9085,1.8745,54.4601,225.0497,685.2212,2001.5234,60.861,1800.0
153,138.5661,8.7441,20.6915,1.9685,54.2489,224.2191,682.4328,2001.5234,61.348,1800.0
154,139.2398,9.3586,20.8514,2.3308,54.2776,226.0581,684.9088,2001.5234,61.348,1800.0
155,139.0728,9.8415,20.7644,2.1964,54.2593,226.1345,688.1035,2001.5234,60.861,1800.0
156,139.2098,9.1783,21.1032,1.9384,54.3951,225.8249,686.606,2001.5234,62.322,1800.0
157,139.0439,8.9824,20.691,2.0179,54.43,225.1652,686.2011,2001.5234,61.348,1800.0
158,138.3649,8.9971,20.8136,1.9607,54.4808,224.6172,683.9837,2001.5273,60.861,1800.0
159,138.8148,9.8785,20.8102,2.1155,54.024,225.6431,685.9344,2001.5273,60.374,1800.0
160,139.9986,9.0927,20.9807,1.928,54.4706,226.4706,690.986,2001.5312,61.835,1800.0
161,139.4743,9.105,20.7345,2.1025,54.0665,225.4827,684.2608,2001.5312,60.861,1800.0
162,138.84,9.0026,20.8319,2.0651,54.3705,225.1103,685.0365,2001.5352,61.835,1800.0
163,138.7215,9.8584,20.6927,2.3771,54.1586,225.8085,689.875,2001.5352,60.861,1800.0
164,139.0041,9.1278,20.8976,2.0121,54.3042,225.3458,687.0733,2001.5352,61.348,1800.0
165,140.6613,9.1787,20.8705,1.97,54.5986,227.279,691.6383,2001.5352,60.861,1800.0
166,139.2433,9.0533,20.8162,2.2196,54.4354,225.7676,686.64,2001.5352,60.861,1800.0
167,138.9565,10.3715,20.7609,2.2826,54.2246,226.596,689.7784,2001.5352,61.835,1800.0
168,139.0093,9.1477,20.7679,1.9886,54.4831,225.3966,684.1322,2001.5352,61.835,1800.0
169,139.6551,8.9463,20.8386,2.1458,54.4887,226.0745,688.1374,2001.5352,61.348,1800.0
170,138.8158,9.163,20.7789,1.891,54.1135,224.7621,683.0851,2001.5391,60.861,1800.0
171,138.9071,9.5071,20.6863,1.8964,54.4822,225.4791,685.3161,2001.543,62.322,1800.0
172,138.7097,8.9045,20.8167,1.9415,54.3037,224.6761,685.2916,2001.543,59.887,1800.0
173,139.7329,8.7589,20.7135,1.9937,54.2415,225.4406,687.2544,2001.543,60.861,1800.0
174,139.6239,9.2938,21.6543,2.2472,54.8,227.6191,688.6626,2001.543,61.835,1800.0
175,139.5874,9.9119,20.8071,2.1389,54.2928,226.7382,690.2517,2001.5469,61.348,1800.0
176,137.9587,9.1548,20.7391,1.9431,54.3532,224.149,682.2234,2001.5469,60.861,1800.0
177,138.7877,9.0111,20.9381,2.0266,54.2879,225.0513,686.3904,2001.5469,61.348,1800.0
178,138.7621,8.9931,20.8146,1.9026,54.7337,225.2061,684.2904,2001.5469,61.835,1800.0
179,139.3164,9.6241,20.8519,2.1166,54.2095,226.1185,686.9884,2001.5469,61.835,1800.0
180,138.7552,8.9925,20.9585,1.934,54.1369,224.7771,682.8938,2001.5508,60.861,1800.0
181,138.7296,9.0377,20.7184,2.0972,54.14,224.7229,682.8908,2001.5508,62.322,1800.0
182,139.4431,9.0381,20.8601,2.0981,54.2469,225.6863,685.738,2001.5547,61.348,1800.0
183,138.9486,9.7034,20.9376,2.3705,54.3261,226.2861,689.9336,2001.5547,62.322,1800.0
184,139.0463,9.2494,20.8459,2.0143,54.3226,225.4784,685.6074,2001.5547,61.348,1800.0
185,138.8582,9.1697,20.8882,2.0401,54.3109,225.267,686.1158,2001.5547,61.835,1800.0
186,138.8604,9.3236,20.6509,2.1624,54.4325,225.4298,685.7137,2001.5547,60.861,1800.0
187,138.7576,10.0484,20.888,2.2845,54.4009,226.3793,685.6861,2001.5586,62.322,1800.0
188,138.5225,9.1466,21.1188,1.9518,54.2613,225.0009,683.8396,2001.5586,62.322,1800.0
189,139.5123,8.7562,20.7721,2.1176,54.3325,225.4907,687.9549,2001.5586,62.809,1800.0
190,139.2459,9.3998,20.7553,1.9043,54.2838,225.5891,686.102,2001.5625,62.322,1800.0
191,139.9463,9.2528,20.8855,1.8977,54.5829,226.5651,690.9222,2001.5625,61.835,1800.0
192,138.9647,8.9679,20.6935,1.9479,54.1695,224.7435,684.7997,2001.5625,62.322,1800.0
193,139.1586,8.8847,20.6551,2.0311,54.5011,225.2306,686.1805,2001.5625,62.322,1800.0
194,138.8608,9.3839,20.7269,2.3167,54.5413,225.8296,686.0143,2001.5625,61.835,1800.0
195,139.4924,10.1363,20.6919,2.1526,54.4411,226.9142,691.2463,2001.5625,62.809,1800.0
196,139.8389,9.1527,20.8338,1.9285,54.4715,226.2254,686.3914,2001.5625,63.296,1800.0
197,138.4654,9.0646,20.637,1.9754,54.3594,224.5018,686.6688,2001.5625,62.322,1800.0
198,138.9105,8.9327,20.786,2.0218,54.1839,224.8349,684.2298,2001.5625,62.809,1800.0
199,139.3706,9.649,20.6944,2.0677,54.6488,226.4305,687.6602,2001.5664,61.835,1800.0
200,139.1317,8.9833,20.7226,1.9747,54.4036,225.2158,684.4677,2001.5742,62.322,1800.0
201,140.2983,8.9995,20.7305,2.1057,54.2216,226.3556,682.7227,2001.5742,61.835,1800.0
202,139.5581,9.135,20.9,2.0754,54.3887,226.0572,688.1079,2001.5742,61.835,1800.0
203,139.1489,9.313,20.765,2.3864,54.0986,225.7119,688.5725,2001.5742,63.296,1800.0
204,138.1574,9.2397,20.9919,2.0341,54.3662,224.7893,682.2033,2001.5742,63.296,1800.0
205,138.4763,9.3369,20.8127,2.0375,54.511,225.1744,686.7531,2001.5742,63.296,1800.0
206,139.3049,9.0699,20.8231,2.1915,54.1223,225.5117,686.9121,2001.5781,62.809,1800.0
207,139.2517,9.9346,20.8068,2.2874,54.3905,226.6711,688.5452,2001.5781,62.809,1800.0
208,138.7668,9.4331,20.9865,1.9951,54.2532,225.4348,686.6732,2001.5781,63.783,1800.0
209,138.6636,8.7777,20.686,2.1198,54.734,224.9811,684.5734,2001.5781,63.296,1800.0
210,139.3817,9.0877,20.6228,1.9069,54.3132,225.3123,686.94,2001.582,63.296,1800.0
211,139.102,9.1822,20.8342,1.9509,54.2094,225.2787,685.1958,2001.582,62.809,1800.0
212,138.8846,8.8165,20.803,1.8872,54.2964,224.6877,684.6236,2001.582,63.296,1800.0
213,139.2613,8.8263,20.6835,2.0206,54.3871,225.1788,682.8053,2001.5859,62.809,1800.0
214,139.4298,9.3848,20.8828,2.2735,54.5111,226.482,688.6175,2001.5859,62.809,1800.0
215,138.5115,10.0202,20.7644,2.2059,54.44,225.942,685.0422,2001.5859,63.296,1800.0
216,138.9181,9.0418,20.8406,1.9362,54.3598,225.0964,684.6827,2001.5859,63.296,1800.0
217,139.0744,8.9856,20.855,2.0422,54.485,225.4422,685.0708,2001.5859,62.809,1800.0
218,138.2546,9.0237,20.734,1.9064,54.5531,224.4718,683.3349,2001.5859,63.783,1800.0
219,138.8188,9.6888,20.7599,2.1278,54.2909,225.6863,687.6732,2001.5859,62.809,1800.0
220,138.7543,9.0138,20.7634,1.9334,54.85,225.3149,686.1019,2001.5898,62.809,1800.0
221,139.4349,9.0848,20.6644,2.1057,54.6725,225.9622,686.7046,2001.5898,63.296,1800.0
222,139.0455,9.1315,20.78,2.0655,54.4553,225.4778,685.5714,2001.5898,63.296,1800.0
223,139.1351,10.0033,20.5798,2.3546,54.4106,226.4834,688.1473,2001.5898,63.783,1800.0
224,139.7595,9.2894,20.7837,2.0804,54.7611,226.6741,689.6498,2001.5898,63.296,1800.0
225,138.9181,9.2521,20.7357,1.9848,54.2196,225.1103,685.0569,2001.5898,62.809,1800.0
226,139.0503,8.9966,20.9121,2.213,54.283,225.455,684.9476,2001.5938,63.296,1800.0
227,139.522,10.1355,20.8164,2.3476,55.0795,227.901,687.3775,2001.5938,63.296,1800.0
228,138.6556,9.2196,20.9473,1.9458,54.3868,225.1552,686.5298,2001.5977,63.783,1800.0
229,139.0647,8.7519,20.7213,2.1275,54.1722,224.8376,685.8562,2001.5977,62.809,1800.0
230,138.9589,9.2263,20.8066,1.9313,55.1753,226.0983,686.9376,2001.6055,62.322,1800.0
231,138.6034,9.3994,20.7042,1.9527,54.7561,225.4158,686.0988,2001.6055,62.809,1800.0
232,138.6192,8.8642,20.7812,1.8852,54.2782,224.428,682.9722,2001.6055,63.783,1800.0
233,138.5555,8.6948,20.6911,1.9662,54.3313,224.2389,684.9645,2001.6055,63.296,1800.0
234,138.3487,9.1876,20.687,2.3328,54.1882,224.7443,683.8387,2001.6055,63.296,1800.0
235,140.041,9.9078,20.7333,2.2098,54.4127,227.3045,691.2333,2001.6055,63.296,1800.0
236,139.4809,9.1632,20.7909,1.9537,54.5154,225.9039,683.9886,2001.6055,63.296,1800.0
237,139.6765,8.9406,20.6365,2.0173,54.0131,225.2839,687.6544,2001.6055,63.783,1800.0
238,138.8885,8.9135,20.7598,1.8931,54.5797,225.0346,684.0359,2001.6094,64.27,1800.0
239,139.4073,9.774,21.0626,2.1313,54.2536,226.6287,688.3309,2001.6094,62.809,1800.0
240,138.6116,8.9931,21.0203,1.933,54.5886,225.1467,684.5379,2001.6133,63.296,1800.0
241,138.2862,9.1284,20.7631,2.1157,54.7505,225.0439,685.3935,2001.6133,63.296,1800.0
242,138.2147,9.0808,20.7822,2.115,54.2854,224.4781,683.7229,2001.6133,63.296,1800.0
243,138.9823,9.5444,20.5845,2.3809,54.2896,225.7817,687.2716,2001.6133,63.296,1800.0
244,139.0417,9.1365,20.815,2.0111,54.5537,225.5579,684.4772,2001.6133,63.783,1800.0
245,138.6288,9.169,20.8198,1.9785,54.4886,225.0847,684.6098,2001.6133,63.296,1800.0
246,138.5929,9.1474,20.7375,2.2096,54.5416,225.2289,684.2206,2001.6133,63.783,1800.0
247,139.1335,10.1134,20.7636,2.2953,54.297,226.6028,688.9483,2001.6133,63.783,1800.0
248,138.6665,9.2721,20.7723,1.9568,54.3781,225.0458,685.1277,2001.6133,63.296,1800.0
249,138.7817,8.785,20.5608,2.0665,54.3195,224.5134,685.68,2001.6133,63.296,1800.0
250,138.6348,9.1453,20.8397,1.9622,54.7194,225.3015,683.2392,2001.6172,64.27,1800.0
251,139.0922,9.2503,20.5685,1.8899,54.5519,225.3527,686.0423,2001.6211,64.27,1800.0
252,139.3769,8.9083,20.6572,1.9405,54.2466,225.1294,685.0245,2001.6211,63.783,1800.0
253,138.4993,8.668,20.6124,2.0265,54.5121,224.3183,684.7488,2001.6211,63.296,1800.0
254,141.0642,9.2069,20.7529,2.2831,54.3075,227.6146,688.2572,2001.6211,64.757,1800.0
255,139.2,10.0571,20.6579,2.1833,54.6792,226.7775,688.7048,2001.625,63.783,1800.0
256,138.5262,9.1493,20.7912,1.9605,54.5509,224.9781,686.1509,2001.6289,63.296,1800.0
257,138.0582,9.173,20.7002,1.969,54.563,224.4634,683.0129,2001.6289,63.783,1800.0
258,139.6363,8.997,20.6995,1.8902,54.3623,225.5853,688.2598,2001.6289,65.244,1800.0
259,138.3755,9.6275,20.7665,2.0721,54.1047,224.9462,684.2412,2001.6289,64.27,1800.0
260,138.197,9.127,20.7861,1.9966,54.3837,224.4904,682.1344,2001.6328,63.296,1800.0
261,138.8887,9.0237,20.7353,2.0393,54.763,225.4501,686.7169,2001.6328,63.783,1800.0
262,139.1401,9.0162,20.7889,2.1287,54.2384,225.3122,684.939,2001.6328,64.27,1800.0
263,139.0394,10.1942,20.5888,2.3137,54.5356,226.6717,691.6026,2001.6367,63.783,1800.0
264,139.6982,9.0956,20.7837,1.9982,54.5125,226.0882,687.596,2001.6367,63.783,1800.0
265,138.221,9.1685,20.681,1.9708,54.0508,224.0921,682.224,2001.6367,62.809,1800.0
266,139.1241,9.0369,20.7883,2.2087,54.1959,225.3539,683.5472,2001.6367,63.783,1800.0
267,139.5524,10.015,20.7928,2.2973,54.4018,227.0593,687.871,2001.6367,64.27,1800.0
268,139.3261,9.3955,20.8342,1.9456,54.3453,225.8467,688.0312,2001.6367,65.244,1800.0
269,138.5431,8.7852,20.7232,2.1139,54.3634,224.5287,684.2799,2001.6367,64.27,1800.0
270,138.8425,9.0302,20.9877,1.9458,54.4292,225.2353,686.5904,2001.6406,64.27,1800.0
271,138.7718,9.1694,21.0427,1.8894,54.3459,225.2192,684.6029,2001.6406,64.27,1800.0
272,138.9432,8.7526,20.5835,1.9344,54.3252,224.539,683.5569,2001.6406,64.27,1800.0
273,138.8444,8.7847,20.648,2.0195,54.2864,224.583,684.5257,2001.6406,64.27,1800.0
274,138.7539,9.3843,20.6944,2.2517,54.1351,225.2194,686.977,2001.6406,63.296,1800.0
275,139.047,10.0403,20.9425,2.14,54.5246,226.6944,689.0516,2001.6445,64.27,1800.0
276,140.383,9.0017,20.9518,1.938,54.1327,226.4071,685.2604,2001.6445,65.244,1800.0
277,138.5361,8.9662,20.8699,1.9695,54.6242,224.9658,684.6666,2001.6445,64.757,1800.0
278,138.8331,8.9367,20.7329,1.9639,54.1315,224.5981,685.7917,2001.6445,65.731,1800.0
279,138.7831,9.6482,20.7756,2.0887,54.6602,225.9559,686.3568,2001.6484,64.27,1800.0
280,138.6368,9.1371,20.6883,2.0026,55.452,225.9167,686.0874,2001.6523,65.731,1800.0
281,138.7661,9.1719,20.8012,2.0401,54.6331,225.4125,683.6653,2001.6523,64.757,1800.0
282,140.097,8.9794,20.7667,2.0631,54.4294,226.3356,687.8714,2001.6523,64.27,1800.0
283,138.5049,9.6588,20.6492,2.3938,54.42,225.6267,686.1755,2001.6523,64.27,1800.0
284,138.5132,9.0936,20.7571,2.0589,54.2015,224.6242,683.9071,2001.6523,65.731,1800.0
285,138.5025,9.3314,20.868,1.9799,54.3821,225.0638,686.5764,2001.6562,63.783,1800.0
286,138.881,9.0514,20.6635,2.2098,54.5056,225.3113,686.1452,2001.6602,64.27,1800.0
287,138.5717,10.0161,20.6741,2.2369,57.216,228.7149,690.3973,2001.6602,63.783,1800.0
288,140.1979,9.4096,20.8501,1.9892,54.7547,227.2015,680.9653,2001.6602,63.783,1800.0
289,138.6264,8.8657,21.0675,2.072,55.0186,225.6502,684.1067,2001.6602,64.27,1800.0
290,141.2444,9.396,21.1023,1.9743,54.5551,228.2721,688.6169,2001.6641,64.757,1800.0
291,140.7337,9.0701,20.6927,1.9472,54.716,227.1596,683.7744,2001.6641,64.757,1800.0
292,141.402,8.8201,20.9195,1.9461,55.0391,228.1267,689.0035,2001.6641,64.27,1800.0
293,140.1184,8.8058,20.863,2.0395,55.9005,227.7271,686.2968,2001.6641,65.731,1800.0
294,140.0124,9.1649,20.6952,2.3192,55.1882,227.3798,680.1409,2001.6641,64.27,1800.0
295,140.5261,9.5781,21.6221,2.136,54.7408,228.6031,690.0844,2001.6641,64.27,1800.0
296,139.4262,9.1102,21.0505,2.0176,55.2373,226.8418,683.901,2001.6641,64.27,1800.0
297,141.8996,9.0014,20.8145,1.9713,54.381,228.0678,688.2799,2001.6641,64.757,1800.0
298,139.9078,8.9759,20.9325,1.9472,57.0776,228.841,686.3393,2001.668,64.757,1800.0
299,141.8053,9.361,20.9315,2.1179,55.1093,229.3249,687.9079,2001.668,65.244,1800.0
300,142.3549,9.0241,20.7104,1.9338,55.023,229.0463,685.9682,2001.6719,64.27,1800.0
301,140.9746,9.179,20.9412,2.0812,54.5694,227.7453,686.5732,2001.6719,63.783,1800.0
302,140.0954,9.1216,21.0349,2.0619,54.813,227.1268,688.9003,2001.6719,64.757,1800.0
303,139.9163,9.8694,20.8935,2.3105,54.7666,227.7563,683.5985,2001.6719,65.244,1800.0
304,139.3565,9.5243,20.8587,2.0151,54.507,226.2616,686.5542,2001.6719,65.731,1800.0
305,138.9473,9.3515,21.1446,2.0388,54.5261,226.0082,687.2341,2001.6719,65.244,1800.0
306,140.0493,9.281,20.8929,2.2132,54.7894,227.2258,686.0937,2001.6719,64.757,1800.0
307,140.0998,10.2255,20.8136,2.2874,54.9932,228.4194,680.4071,2001.6719,64.757,1800.0
308,139.166,9.1842,20.992,1.9947,54.9702,226.3071,687.4053,2001.6719,63.783,1800.0
309,138.4891,9.0427,20.9909,2.1017,54.9326,225.557,688.2239,2001.6797,64.757,1800.0
310,139.1037,9.1021,20.8346,1.9676,55.5104,226.5184,686.0234,2001.6836,64.757,1800.0
311,138.7218,9.4106,21.0551,1.9417,54.7515,225.8807,687.0122,2001.6836,65.244,1800.0
312,138.499,9.0368,20.7307,1.8723,54.2761,224.415,682.352,2001.6836,64.757,1800.0
313,137.3271,8.8418,20.5868,2.018,54.443,223.2167,684.7233,2001.6875,65.244,1800.0
314,137.6673,9.4605,20.8042,2.2573,54.7215,224.9108,688.334,2001.6875,65.244,1800.0
315,137.4895,9.9834,20.6888,2.2108,54.3926,224.7651,688.1603,2001.6875,65.244,1800.0
316,137.7687,9.2865,20.7244,1.9979,54.2562,224.0337,686.7563,2001.6875,65.731,1800.0
317,138.3435,9.0689,20.7575,1.9559,54.2839,224.4097,686.6595,2001.6875,64.757,1800.0
318,137.5953,9.1638,20.8166,1.904,54.3104,223.7901,686.0246,2001.6875,65.731,1800.0
319,137.2182,9.8341,20.702,2.0615,54.3255,224.1413,686.8072,2001.6875,64.757,1800.0
320,137.5566,9.2094,20.7319,1.942,54.5323,223.9722,684.6113,2001.6914,65.244,1800.0
321,136.652,9.392,20.6997,2.0472,54.2188,223.0097,683.3223,2001.6953,66.218,1800.0
322,137.1536,9.2651,20.7416,2.0636,54.0759,223.2997,683.938,2001.6953,64.757,1800.0
323,137.0677,9.8767,20.5034,2.311,54.868,224.6268,687.6732,2001.6953,65.731,1800.0
324,137.6141,9.5031,21.0362,2.0822,54.4147,224.6504,686.7582,2001.6953,66.218,1800.0
325,137.2711,9.0909,20.6726,2.033,54.2401,223.3077,682.8063,2001.6953,65.244,1800.0
326,136.9831,9.1357,20.9017,2.211,54.5645,223.796,684.3454,2001.6953,65.244,1800.0
327,137.4404,10.375,20.8106,2.2342,54.4432,225.3034,688.8461,2001.6953,65.244,1800.0
328,137.3168,9.3022,20.853,2.006,54.3486,223.8267,684.9783,2001.6953,65.244,1800.0
329,136.8743,8.9116,20.8532,2.068,54.5603,223.2674,683.9371,2001.6953,65.244,1800.0
330,138.0779,9.125,20.7323,1.9635,54.1905,224.0892,686.4968,2001.6992,64.757,1800.0
331,137.2093,9.0698,20.6573,1.9552,54.3767,223.2684,682.9131,2001.6992,65.731,1800.0
332,137.3832,9.0046,20.8733,1.9584,54.6221,223.8417,686.0079,2001.6992,66.218,1800.0
333,139.0897,8.8635,20.7244,1.9798,57.6553,228.3126,695.0833,2001.7031,66.705,1800.0
334,137.9411,9.6403,20.7327,2.2419,54.3549,224.9109,688.2317,2001.7031,65.731,1800.0
335,139.2419,9.9562,20.6218,2.1828,54.2729,226.2755,695.5195,2001.7031,65.731,1800.0
336,137.4578,9.2572,20.9875,1.932,54.277,223.9114,686.9468,2001.7031,64.757,1800.0
337,137.7787,9.1811,20.7684,1.9728,54.6382,224.3392,685.5481,2001.7031,65.731,1800.0
338,136.9487,9.2298,20.789,1.9089,54.6637,223.5401,686.1339,2001.7031,66.218,1800.0
339,137.4857,9.8983,20.7062,2.1364,54.4058,224.6324,688.1329,2001.7031,66.218,1800.0
340,136.4268,9.0426,20.8005,1.9309,54.2924,222.4931,681.9492,2001.707,65.731,1800.0
341,138.0838,9.2879,20.7669,2.1414,54.157,224.4369,688.4421,2001.7148,66.218,1800.0
342,137.6139,9.2452,20.9125,2.1454,54.3524,224.2695,685.321,2001.7148,64.757,1800.0
343,137.3995,9.7896,20.7474,2.3169,54.4524,224.7058,689.1584,2001.7148,65.731,1800.0
344,138.1417,9.4656,20.6693,2.0129,54.4289,224.7184,687.6692,2001.7188,67.192,1800.0
345,136.5018,9.2563,20.6694,1.9716,54.3514,222.7505,681.9167,2001.7188,65.731,1800.0
346,138.4036,9.1649,20.8041,2.222,54.3749,224.9694,686.9199,2001.7188,65.731,1800.0
347,137.4259,10.125,20.8869,2.2242,54.2929,224.9549,688.1721,2001.7188,65.731,1800.0
348,137.2511,9.3097,20.7694,1.9379,54.3076,223.5757,684.4912,2001.7188,66.705,1800.0
349,137.746,8.9083,20.7476,2.0674,54.5944,224.0637,686.5339,2001.7188,66.218,1800.0
350,137.7458,9.6225,20.7294,1.947,54.2646,224.3093,686.4973,2001.7227,67.679,1800.0
351,137.7083,9.264,20.6858,1.947,54.3278,223.933,686.0957,2001.7227,65.731,1800.0
352,136.5784,9.0269,20.7024,1.9051,54.3314,222.5443,682.5002,2001.7227,65.731,1800.0
353,137.7088,8.8572,20.6723,1.9903,54.482,223.7105,686.8647,2001.7227,66.705,1800.0
354,137.4549,9.2906,20.7693,2.297,54.6849,224.4967,686.5693,2001.7227,66.705,1800.0
355,137.3346,9.9124,20.741,2.1939,54.389,224.5709,688.321,2001.7227,65.731,1800.0
356,137.2889,9.2133,21.1222,1.9298,54.2964,223.8506,685.5862,2001.7266,66.705,1800.0
357,137.9535,9.247,20.7054,1.9701,54.4624,224.3384,687.2835,2001.7266,66.218,1800.0
358,136.6082,9.3389,20.7707,1.911,54.2383,222.8671,682.6363,2001.7266,67.192,1800.0
359,137.3019,9.7957,20.7091,2.0638,54.3986,224.269,686.3695,2001.7266,65.731,1800.0
360,138.7569,9.0534,21.0557,1.9826,54.6571,225.5057,687.6652,2001.7305,66.218,1800.0
361,137.3117,9.1916,21.0663,2.0305,54.1077,223.7078,684.1764,2001.7305,67.192,1800.0
362,137.7114,9.3264,20.8764,2.0677,54.4373,224.4192,687.3256,2001.7305,66.218,1800.0
363,137.522,9.8027,20.5951,2.3661,54.4274,224.7133,688.6168,2001.7305,67.192,1800.0
364,137.1274,9.1675,21.0445,2.0609,54.2791,223.6793,683.0835,2001.7305,65.731,1800.0
365,136.6367,9.1466,20.6606,1.9885,54.3352,222.7676,682.6828,2001.7305,67.192,1800.0
366,138.3195,9.2415,21.0746,2.218,54.179,225.0325,685.9466,2001.7305,66.705,1800.0
367,137.6262,10.2389,20.758,2.2369,54.4727,225.3327,689.0911,2001.7305,66.705,1800.0
368,137.7404,9.4163,20.8228,1.9879,54.3497,224.3171,686.4942,2001.7344,66.705,1800.0
369,137.5863,8.8959,20.5966,2.1111,54.3214,223.5112,684.8096,2001.7383,65.731,1800.0
370,137.7488,9.1728,20.7313,1.9616,54.155,223.7695,685.5922,2001.7422,66.218,1800.0
371,137.278,9.3024,20.7193,1.9547,54.1533,223.4077,683.623,2001.7422,67.192,1800.0
372,137.5757,9.0252,20.7103,1.9469,54.6791,223.9372,685.8476,2001.7422,66.218,1800.0
373,138.3826,8.9457,20.5904,2.0632,54.2383,224.2202,687.1807,2001.7461,66.705,1800.0
374,138.2603,9.5058,20.7239,2.2613,54.8183,225.5696,690.1792,2001.7461,66.218,1800.0
375,137.7686,9.9289,20.762,2.206,54.2472,224.9128,688.4003,2001.7461,67.192,1800.0
376,136.9751,9.2493,21.1497,1.9925,54.1977,223.5641,683.3581,2001.7461,66.705,1800.0
377,139.0183,9.2419,20.79,1.9762,54.3269,225.3533,690.7117,2001.7461,65.731,1800.0
378,137.7104,9.1769,20.8491,1.9069,54.4053,224.0487,686.0288,2001.7461,67.192,1800.0
379,137.4406,9.7739,20.6764,2.1344,54.2803,224.3056,687.3494,2001.75,66.705,1800.0
380,138.1514,9.1423,20.7787,1.9791,54.6178,224.6693,687.6031,2001.7539,66.218,1800.0
381,136.9275,9.272,20.754,2.0893,54.4974,223.5402,683.7099,2001.7539,67.192,1800.0
382,137.4962,9.1533,20.8026,2.0673,54.1583,223.6777,685.3239,2001.7539,66.705,1800.0
383,137.3292,9.6762,20.689,2.3116,54.3482,224.3542,687.5607,2001.7539,66.218,1800.0
384,137.6003,9.2438,20.7556,2.0094,54.5313,224.1404,686.2798,2001.7539,67.192,1800.0
385,137.5722,9.1745,20.7646,2.0364,54.0873,223.6349,685.667,2001.7539,67.679,1800.0
386,138.2563,9.2104,20.8014,2.2092,54.3742,224.8514,687.6768,2001.7539,67.192,1800.0
387,140.061,10.1464,20.7746,2.2856,54.2015,227.4691,685.366,2001.7539,66.705,1800.0
388,137.6243,9.2709,20.8583,1.932,54.6216,224.3071,686.3693,2001.7539,66.705,1800.0
389,137.7671,9.0293,20.7927,2.0657,54.5251,224.18,686.7886,2001.7539,67.192,1800.0
390,137.1458,9.3275,20.7799,1.9004,54.3544,223.5081,685.0632,2001.7578,67.192,1800.0
391,136.9456,9.2588,20.6495,1.8848,54.2697,223.0084,683.1397,2001.7617,66.705,1800.0
392,137.9001,9.0534,20.6171,1.8803,54.5311,223.9821,687.6106,2001.7617,67.192,1800.0
393,137.3297,8.9095,20.6317,1.9834,54.3701,223.2245,684.3545,2001.7617,67.679,1800.0
394,136.9209,9.5292,20.8098,2.2552,54.2652,223.7802,684.4264,2001.7617,67.192,1800.0
395,137.4409,9.8419,20.7732,2.2012,54.6033,224.8605,687.3898,2001.7617,67.192,1800.0
396,137.6987,9.2214,20.7664,2.0067,54.3915,224.0847,684.1584,2001.7617,67.192,1800.0
397,137.9398,9.2162,20.7391,1.967,54.6033,224.4654,689.0499,2001.7617,67.192,1800.0
398,137.0472,9.1583,20.769,1.8985,54.1563,223.0293,684.1523,2001.7656,66.218,1800.0
399,138.1404,9.7936,20.7505,2.0763,54.2453,225.0062,688.6561,2001.7656,68.166,1800.0
400,137.7242,9.0351,20.787,2.0039,54.1847,223.7351,685.5357,2001.7695,66.705,1800.0
401,136.8642,9.2516,20.7502,2.0554,54.6551,223.5765,684.7276,2001.7695,67.192,1800.0
402,137.3911,9.0631,20.8856,2.1388,53.964,223.4426,683.3421,2001.7734,67.192,1800.0
403,137.6156,9.6926,20.6357,2.3833,54.3158,224.643,687.9209,2001.7734,66.218,1800.0
404,137.973,9.264,20.7633,2.0483,54.3798,224.4285,685.719,2001.7734,67.679,1800.0
405,136.9794,9.2275,20.7428,1.9764,54.2173,223.1434,683.8257,2001.7773,67.679,1800.0
406,138.2666,9.2187,21.0145,2.156,54.4313,225.0871,687.4871,2001.7773,67.192,1800.0
407,137.8017,10.1384,20.8081,2.294,54.3456,225.3878,688.1983,2001.7773,67.192,1800.0
408,137.6387,9.2453,20.7553,1.9421,54.4972,224.0787,685.557,2001.7773,66.705,1800.0
409,137.2939,8.8805,20.7266,2.0564,54.1733,223.1306,683.5429,2001.7773,67.192,1800.0
410,138.1549,9.3579,21.2065,1.9005,54.3341,224.9539,689.6097,2001.7812,67.679,1800.0
411,137.6053,9.2753,20.6296,1.8879,54.0043,223.4023,685.0713,2001.7812,67.192,1800.0
412,137.1216,8.9976,20.6345,1.8842,54.4666,223.1044,683.9388,2001.7812,67.679,1800.0
413,137.3806,8.8295,20.7886,1.9865,55.4231,224.4083,685.4431,2001.7812,68.166,1800.0
414,137.6756,9.3239,20.667,2.3178,54.0725,224.0568,684.4548,2001.7852,67.679,1800.0
415,137.1792,10.0129,20.9143,2.1856,54.4614,224.7535,688.1855,2001.7852,66.705,1800.0
416,137.5052,9.1817,20.7962,1.9414,54.5314,223.9559,685.5143,2001.7852,66.705,1800.0
417,137.797,9.1001,20.7606,1.9769,54.2718,223.9062,686.1865,2001.7852,68.166,1800.0
418,137.3054,9.0893,20.8557,1.8958,54.4044,223.5506,682.6106,2001.7852,67.192,1800.0
419,137.8236,9.7751,20.7831,2.1399,54.2423,224.764,690.0811,2001.7852,67.679,1800.0
420,138.8071,9.1057,20.8315,1.9227,54.1442,224.8111,689.6096,2001.7891,67.192,1800.0
421,137.5506,9.1128,20.7414,2.0368,54.8136,224.2552,685.9466,2001.7891,66.705,1800.0
422,137.3138,9.3684,20.9053,2.0759,54.1464,223.8098,685.6572,2001.7891,66.705,1800.0
423,137.2699,9.8289,20.5952,2.319,54.3204,224.3334,688.2795,2001.7891,66.218,1800.0
424,137.2208,9.3454,20.8614,2.064,54.5283,224.0199,685.7855,2001.7891,67.679,1800.0
425,138.0011,9.313,20.8657,2.0251,54.441,224.646,687.9094,2001.7891,68.653,1800.0
426,137.6011,9.287,20.7943,2.1577,54.2959,224.1359,684.9926,2001.7969,67.679,1800.0
427,137.165,10.0503,20.7718,2.2367,54.422,224.6458,686.5803,2001.7969,67.192,1800.0
428,137.345,9.6436,20.7615,2.0008,54.145,223.8959,685.3402,2001.7969,66.705,1800.0
429,137.2794,9.017,20.6337,2.0679,54.434,223.4321,682.2057,2001.7969,68.166,1800.0
430,136.5693,9.3016,20.6467,1.8973,54.6711,223.086,683.3977,2001.8008,67.192,1800.0
431,137.3933,9.3179,20.9475,1.9456,54.2373,223.8416,685.3361,2001.8008,67.679,1800.0
432,137.3782,8.9973,20.6507,1.88,54.214,223.1201,683.8284,2001.8008,67.679,1800.0
433,138.1952,8.8395,20.6481,2.048,54.2125,223.9433,686.2583,2001.8008,68.166,1800.0
434,137.8064,9.2555,20.7474,2.3081,54.1846,224.3019,684.8952,2001.8008,67.679,1800.0
435,137.3468,9.9142,20.7161,2.1866,54.5175,224.6811,689.0203,2001.8008,67.192,1800.0
436,137.623,9.1452,20.9475,1.9394,54.3491,224.0042,686.4275,2001.8008,67.192,1800.0
437,138.1465,9.0972,20.6697,1.9705,54.2776,224.1615,685.7444,2001.8086,67.679,1800.0
438,136.8565,9.1565,20.9628,1.9072,54.3529,223.2359,684.4835,2001.8086,67.192,1800.0
439,136.905,9.6805,20.9622,2.0715,54.1857,223.8049,685.7262,2001.8086,67.679,1800.0
440,137.0566,9.1113,22.1581,1.9951,54.1022,224.4234,686.1917,2001.8125,68.653,1800.0
441,138.858,9.1925,20.7816,2.0371,54.4743,225.3434,690.192,2001.8125,68.166,1800.0
442,137.3648,9.2265,20.8151,2.0745,54.1942,223.6749,684.4834,2001.8125,68.166,1800.0
443,137.3593,9.6616,20.6066,2.3116,54.3261,224.2652,687.8793,2001.8125,67.679,1800.0
444,137.5897,9.2499,20.737,2.0684,54.6933,224.3383,685.7875,2001.8125,67.679,1800.0
445,137.3156,9.3088,20.8281,2.0246,53.9682,223.4454,684.4815,2001.8125,69.14,1800.0
446,137.0621,9.1419,20.7421,2.2096,54.2893,223.445,684.1109,2001.8125,67.679,1800.0
447,136.9329,10.2934,20.7796,2.2976,54.3349,224.6383,686.3497,2001.8125,68.166,1800.0
448,137.5918,9.3928,20.9443,1.941,54.6376,224.5075,687.1082,2001.8125,68.166,1800.0
449,138.4105,8.8813,20.6713,2.0576,54.4471,224.4678,688.8989,2001.8164,67.679,1800.0
450,137.5064,9.0353,20.6338,1.9046,54.427,223.5071,684.9826,2001.8203,68.653,1800.0
451,136.7895,9.2968,20.6573,1.8885,54.3255,222.9576,684.54,2001.8203,68.653,1800.0
452,136.8875,9.0757,20.6316,1.876,54.2033,222.674,682.713,2001.8203,68.653,1800.0
453,137.3066,8.8599,20.8248,1.9731,54.3562,223.3206,682.3603,2001.8203,68.166,1800.0
454,137.7797,9.4913,20.7513,2.2664,54.3625,224.6512,687.7683,2001.8242,68.166,1800.0
455,137.2345,9.7787,20.8078,2.2141,54.453,224.488,688.1624,2001.8242,68.166,1800.0
456,136.8906,9.1166,20.798,2.0017,54.2586,223.0655,683.6517,2001.8242,68.166,1800.0
457,137.2424,9.1078,20.7727,2.0517,54.4589,223.6336,685.1901,2001.8242,68.166,1800.0
458,137.6487,9.1948,20.8147,1.9479,53.9912,223.5973,684.5823,2001.8242,67.679,1800.0
459,137.448,9.8291,20.6671,2.1399,54.5139,224.598,687.8822,2001.8242,68.166,1800.0
460,137.7619,9.2016,20.9514,1.9405,54.304,224.1595,686.4512,2001.832,68.653,1800.0
461,137.4704,9.2046,20.8331,2.0435,54.4003,223.9518,685.7269,2001.832,68.166,1800.0
462,137.6085,9.2293,20.8319,2.0781,54.3034,224.0512,686.8911,2001.832,68.166,1800.0
463,137.6916,10.0212,20.565,2.3742,55.0794,225.7314,690.6159,2001.832,68.653,1800.0
464,137.2269,9.2374,20.9367,1.9999,54.4092,223.8101,684.2724,2001.832,67.679,1800.0
465,137.2073,9.2482,20.839,1.9714,54.9129,224.1788,686.3297,2001.832,68.653,1800.0
466,137.8965,9.1498,20.6713,2.1522,54.0756,223.9455,684.5919,2001.832,67.192,1800.0
467,139.5419,10.1658,20.7494,2.2387,54.6187,227.3145,689.4631,2001.832,67.679,1800.0
468,137.7593,9.1837,20.9074,2.0012,54.4942,224.3457,687.8658,2001.832,68.166,1800.0
469,138.007,9.1074,20.722,2.1375,54.3818,224.3558,687.8819,2001.8359,66.705,1800.0
470,137.0776,9.4399,20.6394,1.9687,54.4478,223.5734,684.4218,2001.8398,67.679,1800.0
471,137.8962,9.3603,20.7342,1.8894,54.5591,224.4392,686.9572,2001.8398,68.166,1800.0
472,137.1312,9.0045,20.6631,1.8742,54.1534,222.8264,683.4391,2001.8438,67.679,1800.0
473,137.669,8.9098,20.685,1.9688,54.0875,223.3201,685.2092,2001.8438,69.627,1800.0
474,137.3816,9.6141,20.9063,2.2423,54.4588,224.6031,686.8919,2001.8438,67.679,1800.0
475,137.8,9.9976,20.7628,2.2062,54.6908,225.4574,690.8098,2001.8438,68.166,1800.0
476,137.6127,9.2365,20.9121,2.0052,54.2796,224.0461,687.0384,2001.8438,67.679,1800.0
477,136.8304,8.9898,20.6642,2.019,54.2271,222.7306,682.4621,2001.8438,68.653,1800.0
478,137.3975,9.1233,20.7255,1.9663,54.482,223.6945,683.7875,2001.8438,67.679,1800.0
479,136.9198,9.9182,20.8074,2.111,59.3383,229.0947,691.3074,2001.8438,68.653,1800.0
480,138.9132,9.2249,20.7605,1.9981,54.586,225.4825,682.8177,2001.8477,68.653,1800.0
481,137.8804,9.083,20.7776,2.1035,54.2189,224.0633,679.49,2001.8477,68.653,1800.0
482,139.8943,9.0899,21.0553,2.1375,55.1346,227.3117,688.5606,2001.8477,68.653,1800.0
483,138.9316,9.7757,20.9048,2.3838,54.7452,226.741,689.1463,2001.8516,68.166,1800.0
484,140.8627,9.2213,21.0467,2.0739,55.3964,228.601,686.8324,2001.8555,68.653,1800.0
485,140.191,9.073,20.8896,2.0219,55.5275,227.703,682.7413,2001.8555,68.166,1800.0
486,141.3016,9.2071,21.1252,2.1525,69.7382,243.5244,699.2016,2001.8555,68.653,1800.0
487,140.9505,10.0283,21.012,2.236,55.0101,229.2369,687.6049,2001.8555,67.679,1800.0
488,140.5187,9.4234,20.8806,1.9677,54.6746,227.465,689.14,2001.8555,68.653,1800.0
489,140.5701,8.8918,21.0336,2.0691,55.2566,227.8212,686.4307,2001.8555,68.653,1800.0
490,140.1972,9.176,20.9103,1.9062,55.4308,227.6206,686.7501,2001.8594,68.166,1800.0
491,140.3567,9.3237,20.79,1.9383,54.5526,226.9613,683.2841,2001.8594,69.627,1800.0
492,140.8135,9.0266,21.0529,1.8827,55.0483,227.824,690.0843,2001.8594,68.653,1800.0
493,141.0952,8.7172,21.1048,2.0351,56.9192,229.8714,689.7074,2001.8594,68.653,1800.0
494,142.726,9.2227,21.1859,2.3141,54.9007,230.3494,692.7415,2001.8594,68.166,1800.0
495,140.651,9.6787,20.9319,2.1807,55.1953,228.6377,689.9688,2001.8633,69.14,1800.0
496,139.5872,8.9952,20.6613,2.0214,53.9773,225.2425,683.804,2001.8633,68.653,1800.0
497,139.1341,9.105,20.759,1.9673,54.6541,225.6195,686.3745,2001.8633,68.653,1800.0
498,138.2643,9.0488,20.7882,1.9069,54.2574,224.2657,682.895,2001.8633,68.653,1800.0
499,139.5972,9.6081,20.7423,2.0624,54.3447,226.3546,687.3918,2001.8633,69.14,1800.0
