dataset,recognizer,liveness,group,frr_errors,genuine_attempts,frr,impostor_far_errors,impostor_attempts,impostor_far,spoof_far_errors,spoof_attempts,spoof_far
own,fp32,fp32,all,59,214,0.2757,0,428,0.0,13,208,0.0625
own,fp32,fp32,lighting=bright,15,112,0.13393,0,224,0.0,8,107,0.07477
own,fp32,fp32,lighting=dim,44,102,0.43137,0,204,0.0,5,101,0.0495
own,fp32,int8pt,all,35,214,0.16355,0,428,0.0,14,208,0.06731
own,fp32,int8pt,lighting=bright,2,112,0.01786,0,224,0.0,7,107,0.06542
own,fp32,int8pt,lighting=dim,33,102,0.32353,0,204,0.0,7,101,0.06931
own,fp32,int8pc,all,31,214,0.14486,0,428,0.0,15,208,0.07212
own,fp32,int8pc,lighting=bright,1,112,0.00893,0,224,0.0,9,107,0.08411
own,fp32,int8pc,lighting=dim,30,102,0.29412,0,204,0.0,6,101,0.05941
own,int8pt,fp32,all,59,214,0.2757,0,428,0.0,13,208,0.0625
own,int8pt,fp32,lighting=bright,15,112,0.13393,0,224,0.0,8,107,0.07477
own,int8pt,fp32,lighting=dim,44,102,0.43137,0,204,0.0,5,101,0.0495
own,int8pt,int8pt,all,36,214,0.16822,0,428,0.0,14,208,0.06731
own,int8pt,int8pt,lighting=bright,2,112,0.01786,0,224,0.0,7,107,0.06542
own,int8pt,int8pt,lighting=dim,34,102,0.33333,0,204,0.0,7,101,0.06931
own,int8pt,int8pc,all,31,214,0.14486,0,428,0.0,15,208,0.07212
own,int8pt,int8pc,lighting=bright,1,112,0.00893,0,224,0.0,9,107,0.08411
own,int8pt,int8pc,lighting=dim,30,102,0.29412,0,204,0.0,6,101,0.05941
own,int8pc,fp32,all,59,214,0.2757,0,428,0.0,13,208,0.0625
own,int8pc,fp32,lighting=bright,15,112,0.13393,0,224,0.0,8,107,0.07477
own,int8pc,fp32,lighting=dim,44,102,0.43137,0,204,0.0,5,101,0.0495
own,int8pc,int8pt,all,37,214,0.1729,0,428,0.0,14,208,0.06731
own,int8pc,int8pt,lighting=bright,2,112,0.01786,0,224,0.0,7,107,0.06542
own,int8pc,int8pt,lighting=dim,35,102,0.34314,0,204,0.0,7,101,0.06931
own,int8pc,int8pc,all,32,214,0.14953,0,428,0.0,15,208,0.07212
own,int8pc,int8pc,lighting=bright,1,112,0.00893,0,224,0.0,9,107,0.08411
own,int8pc,int8pc,lighting=dim,31,102,0.30392,0,204,0.0,6,101,0.05941
kaggle,fp32,fp32,all,41,106,0.38679,5,848,0.0059,11,178,0.0618
kaggle,fp32,int8pt,all,28,106,0.26415,5,848,0.0059,17,178,0.09551
kaggle,fp32,int8pc,all,29,106,0.27358,5,848,0.0059,18,178,0.10112
kaggle,int8pt,fp32,all,41,106,0.38679,3,848,0.00354,11,178,0.0618
kaggle,int8pt,int8pt,all,28,106,0.26415,3,848,0.00354,17,178,0.09551
kaggle,int8pt,int8pc,all,29,106,0.27358,2,848,0.00236,18,178,0.10112
kaggle,int8pc,fp32,all,41,106,0.38679,4,848,0.00472,11,178,0.0618
kaggle,int8pc,int8pt,all,28,106,0.26415,4,848,0.00472,17,178,0.09551
kaggle,int8pc,int8pc,all,29,106,0.27358,4,848,0.00472,18,178,0.10112
